Start Time,Duration,Run ID,Name,Source Type,Source Name,User,Status,acceptability_threshold,dim_data,drifting_clients,filename,ideal_cluster_num,ideal_cluster_num_deviation,initial_points_per_generator,m,max_iter_global,max_iter_local,mean_max_val,mean_min_val,n_clients,n_generators_per_client,n_repeats,n_time_steps,n_unused_client_generators,next_timestep_new_points_per_generator,num_clusters_used,ratio_drifted_clients,ratio_new_data_distribution,ratio_unused_client_generators,run_mode,tol_global,tol_local,drift_detected_counter,initial_global_db_max,initial_global_db_mean,initial_global_db_median,initial_global_db_min,initial_global_db_std,true_positive_rate
2024-01-10 04:42:45,236ms,06e2e536722c444f91c6e2e09ad14eab,,LOCAL,/home/morris/UM/phd/code/fed_drift_data_generator/run_data_drift_experiments.py,morris,FINISHED,0.05,100,5,./results/global_drift_unused_generators_2024-01-10_04-42-45_results.pkl,10,0.5,1000,2,10,50,5,-5,10,1,20,10,9,100,15,0.5,0.9,0.9,global_drift_unused_generators,0.01,0.001,200,41334.91172808928,33773.702765392096,33433.24159319403,27157.951491872973,4427.045759839889,1
2024-01-10 04:41:56,241ms,9918073849c64a5cb16ac01965c6985e,,LOCAL,/home/morris/UM/phd/code/fed_drift_data_generator/run_data_drift_experiments.py,morris,FINISHED,0.05,100,5,./results/global_drift_unused_generators_2024-01-10_04-41-56_results.pkl,10,0.5,1000,2,10,50,5,-5,10,1,20,10,9,100,15,0.5,0.5,0.9,global_drift_unused_generators,0.01,0.001,128,42718.06397602366,36297.63052913462,37250.51575380817,29281.407785437616,4087.151506650843,0.64
2024-01-10 04:41:08,236ms,989abf4b7efb41fdae4bc711e7c9fd08,,LOCAL,/home/morris/UM/phd/code/fed_drift_data_generator/run_data_drift_experiments.py,morris,FINISHED,0.05,100,5,./results/global_drift_unused_generators_2024-01-10_04-41-08_results.pkl,10,0.5,1000,2,10,50,5,-5,10,1,20,10,5,100,15,0.5,0.9,0.5,global_drift_unused_generators,0.01,0.001,155,47769.58099033041,37052.47073108789,37778.08614416332,24989.546838284277,5094.205016004192,0.775
2024-01-10 04:40:19,246ms,e5085a7136e4425bb4f95bfaee0472ed,,LOCAL,/home/morris/UM/phd/code/fed_drift_data_generator/run_data_drift_experiments.py,morris,FINISHED,0.05,100,5,./results/global_drift_unused_generators_2024-01-10_04-40-19_results.pkl,10,0.5,1000,2,10,50,5,-5,10,1,20,10,5,100,15,0.5,0.5,0.5,global_drift_unused_generators,0.01,0.001,138,41839.53096477331,36544.727673189125,36784.77138553616,28214.232186770743,3291.359585727118,0.69
2024-01-10 04:39:31,252ms,597b952151c642e3a10c178095a82378,,LOCAL,/home/morris/UM/phd/code/fed_drift_data_generator/run_data_drift_experiments.py,morris,FINISHED,0.05,100,5,./results/global_drift_unused_generators_2024-01-10_04-39-30_results.pkl,10,0.5,1000,2,10,50,5,-5,10,1,20,10,1,100,15,0.5,0.9,0.1,global_drift_unused_generators,0.01,0.001,113,42201.894233646846,35800.43995212601,35817.79035862775,31004.799246139166,3194.228819837758,0.565
2024-01-10 04:38:42,245ms,03761ec675a840668b1ee80edc77b37f,,LOCAL,/home/morris/UM/phd/code/fed_drift_data_generator/run_data_drift_experiments.py,morris,FINISHED,0.05,100,5,./results/global_drift_unused_generators_2024-01-10_04-38-41_results.pkl,10,0.5,1000,2,10,50,5,-5,10,1,20,10,1,100,15,0.5,0.5,0.1,global_drift_unused_generators,0.01,0.001,94,42231.26945167952,34108.20422167088,34290.52920897078,26527.152526211972,4786.296736718654,0.47
2024-01-10 04:37:53,231ms,bf34fd4a34cd4ecba5d47026517a3a77,,LOCAL,/home/morris/UM/phd/code/fed_drift_data_generator/run_data_drift_experiments.py,morris,FINISHED,0.05,100,5,./results/global_drift_unused_generators_2024-01-10_04-37-53_results.pkl,10,0.0,1000,2,10,50,5,-5,10,1,20,10,9,100,10,0.5,0.9,0.9,global_drift_unused_generators,0.01,0.001,131,0.2059811067158832,0.20157679096741216,0.20227926307801963,0.19599790953739055,0.002722825681662791,0.655
2024-01-10 04:37:26,247ms,90e1859bc2fd4fc3a053319c9cf02f3e,,LOCAL,/home/morris/UM/phd/code/fed_drift_data_generator/run_data_drift_experiments.py,morris,FINISHED,0.05,100,5,./results/global_drift_unused_generators_2024-01-10_04-37-25_results.pkl,10,0.0,1000,2,10,50,5,-5,10,1,20,10,9,100,10,0.5,0.5,0.9,global_drift_unused_generators,0.01,0.001,200,0.20820437730634192,0.2027706766030366,0.202513783920584,0.19957237984027465,0.0020885846217461555,1
2024-01-10 04:36:58,243ms,101294f7728e49bdb91f195334a3df88,,LOCAL,/home/morris/UM/phd/code/fed_drift_data_generator/run_data_drift_experiments.py,morris,FINISHED,0.05,100,5,./results/global_drift_unused_generators_2024-01-10_04-36-58_results.pkl,10,0.0,1000,2,10,50,5,-5,10,1,20,10,5,100,10,0.5,0.9,0.5,global_drift_unused_generators,0.01,0.001,200,0.20602796802124934,0.2020957596099014,0.202072458973852,0.1974446534125183,0.002140747490154215,1
2024-01-10 04:36:31,243ms,236f0e762a584f8682c6fca39fc47e6e,,LOCAL,/home/morris/UM/phd/code/fed_drift_data_generator/run_data_drift_experiments.py,morris,FINISHED,0.05,100,5,./results/global_drift_unused_generators_2024-01-10_04-36-31_results.pkl,10,0.0,1000,2,10,50,5,-5,10,1,20,10,5,100,10,0.5,0.5,0.5,global_drift_unused_generators,0.01,0.001,200,0.20544571487027413,0.2011866403138809,0.20093578686376698,0.1977213342784951,0.0020179215078594305,1
2024-01-10 04:36:03,237ms,52f12126870a4a96aebcc8a2bd198be4,,LOCAL,/home/morris/UM/phd/code/fed_drift_data_generator/run_data_drift_experiments.py,morris,FINISHED,0.05,100,5,./results/global_drift_unused_generators_2024-01-10_04-36-03_results.pkl,10,0.0,1000,2,10,50,5,-5,10,1,20,10,1,100,10,0.5,0.9,0.1,global_drift_unused_generators,0.01,0.001,200,0.20625097128209466,0.2011312512265,0.200043419317125,0.198199600161167,0.002466733364440753,1
2024-01-10 04:35:36,232ms,5f0630730a23415ea7b5cf15292daf95,,LOCAL,/home/morris/UM/phd/code/fed_drift_data_generator/run_data_drift_experiments.py,morris,FINISHED,0.05,100,5,./results/global_drift_unused_generators_2024-01-10_04-35-36_results.pkl,10,0.0,1000,2,10,50,5,-5,10,1,20,10,1,100,10,0.5,0.5,0.1,global_drift_unused_generators,0.01,0.001,170,0.20788155071193168,0.20236522696591636,0.2025368264859089,0.198451212101028,0.0028589107724919954,0.85
2024-01-10 04:35:09,237ms,5cbca096a90347c0adfe7cc01c89cbd7,,LOCAL,/home/morris/UM/phd/code/fed_drift_data_generator/run_data_drift_experiments.py,morris,FINISHED,0.05,100,5,./results/global_drift_unused_generators_2024-01-10_04-35-09_results.pkl,10,-0.5,1000,2,10,50,5,-5,10,1,20,10,9,100,5,0.5,0.9,0.9,global_drift_unused_generators,0.01,0.001,129,0.47389713367087083,0.46240539910581047,0.46342106541404204,0.4422694417659473,0.008559679990362478,0.645
2024-01-10 04:34:55,233ms,8b1759a44c01437ca77a4c49749c1630,,LOCAL,/home/morris/UM/phd/code/fed_drift_data_generator/run_data_drift_experiments.py,morris,FINISHED,0.05,100,5,./results/global_drift_unused_generators_2024-01-10_04-34-55_results.pkl,10,-0.5,1000,2,10,50,5,-5,10,1,20,10,9,100,5,0.5,0.5,0.9,global_drift_unused_generators,0.01,0.001,118,0.49161691758919346,0.46579950850606233,0.46449181215601754,0.446293717491855,0.009386565476051231,0.59
2024-01-10 04:34:41,255ms,e726ad3c958f49de88b79360d100e710,,LOCAL,/home/morris/UM/phd/code/fed_drift_data_generator/run_data_drift_experiments.py,morris,FINISHED,0.05,100,5,./results/global_drift_unused_generators_2024-01-10_04-34-41_results.pkl,10,-0.5,1000,2,10,50,5,-5,10,1,20,10,5,100,5,0.5,0.9,0.5,global_drift_unused_generators,0.01,0.001,80,0.4740627517207453,0.46035511930850126,0.459546393555222,0.44484465353813024,0.006772590338210546,0.4
2024-01-10 04:34:27,252ms,8a3d42f904ce4c90a491231777db63dd,,LOCAL,/home/morris/UM/phd/code/fed_drift_data_generator/run_data_drift_experiments.py,morris,FINISHED,0.05,100,5,./results/global_drift_unused_generators_2024-01-10_04-34-27_results.pkl,10,-0.5,1000,2,10,50,5,-5,10,1,20,10,5,100,5,0.5,0.5,0.5,global_drift_unused_generators,0.01,0.001,34,0.48305724630137903,0.4651058305562346,0.4636827042685,0.4503530704655577,0.010324456332574124,0.17
2024-01-10 04:34:13,234ms,2f8b4e539f65473cb481adf68ded1c75,,LOCAL,/home/morris/UM/phd/code/fed_drift_data_generator/run_data_drift_experiments.py,morris,FINISHED,0.05,100,5,./results/global_drift_unused_generators_2024-01-10_04-34-13_results.pkl,10,-0.5,1000,2,10,50,5,-5,10,1,20,10,1,100,5,0.5,0.9,0.1,global_drift_unused_generators,0.01,0.001,18,0.480212869057015,0.4630462106666101,0.4625367665060018,0.44370310333321905,0.007746498170709264,0.09
2024-01-10 04:33:59,232ms,113d37f4c9af47debe929952ff7014e4,,LOCAL,/home/morris/UM/phd/code/fed_drift_data_generator/run_data_drift_experiments.py,morris,FINISHED,0.05,100,5,./results/global_drift_unused_generators_2024-01-10_04-33-59_results.pkl,10,-0.5,1000,2,10,50,5,-5,10,1,20,10,1,100,5,0.5,0.5,0.1,global_drift_unused_generators,0.01,0.001,0,0.47671867126707557,0.46361696671589864,0.4650359209270942,0.44788925210707975,0.007748910685248636,0
2024-01-10 04:33:46,236ms,00598d9573814bc689bfd12c36a7b1d6,,LOCAL,/home/morris/UM/phd/code/fed_drift_data_generator/run_data_drift_experiments.py,morris,FINISHED,0.05,25,5,./results/global_drift_unused_generators_2024-01-10_04-33-46_results.pkl,10,0.5,1000,2,10,50,5,-5,10,1,20,10,9,100,15,0.5,0.9,0.9,global_drift_unused_generators,0.01,0.001,200,24499.24825946877,17522.511463659976,17143.73868556402,12395.44404592592,3299.7855220806823,1
2024-01-10 04:33:08,232ms,f2e4ff50b70140b8be098ebf9bc4dc8f,,LOCAL,/home/morris/UM/phd/code/fed_drift_data_generator/run_data_drift_experiments.py,morris,FINISHED,0.05,25,5,./results/global_drift_unused_generators_2024-01-10_04-33-08_results.pkl,10,0.5,1000,2,10,50,5,-5,10,1,20,10,9,100,15,0.5,0.5,0.9,global_drift_unused_generators,0.01,0.001,163,25389.700256154134,17885.366202730907,17807.96051284425,10906.875854171876,4037.5531876069117,0.815
2024-01-10 04:32:30,246ms,48f421aebc754df6b2f472f2c31f86d1,,LOCAL,/home/morris/UM/phd/code/fed_drift_data_generator/run_data_drift_experiments.py,morris,FINISHED,0.05,25,5,./results/global_drift_unused_generators_2024-01-10_04-32-30_results.pkl,10,0.5,1000,2,10,50,5,-5,10,1,20,10,5,100,15,0.5,0.9,0.5,global_drift_unused_generators,0.01,0.001,160,26212.18703177885,18467.100534456655,18950.864950878655,10562.30957081336,3775.4181507742383,0.8
2024-01-10 04:31:52,236ms,356a027229f74894b0e906c3e409cc3a,,LOCAL,/home/morris/UM/phd/code/fed_drift_data_generator/run_data_drift_experiments.py,morris,FINISHED,0.05,25,5,./results/global_drift_unused_generators_2024-01-10_04-31-52_results.pkl,10,0.5,1000,2,10,50,5,-5,10,1,20,10,5,100,15,0.5,0.5,0.5,global_drift_unused_generators,0.01,0.001,150,22398.294088463655,16601.796856337136,15838.603073507198,9873.267220619284,3579.1536910629097,0.75
2024-01-10 04:31:14,247ms,4da2f238fe2a4b98a68b3523f9bf6596,,LOCAL,/home/morris/UM/phd/code/fed_drift_data_generator/run_data_drift_experiments.py,morris,FINISHED,0.05,25,5,./results/global_drift_unused_generators_2024-01-10_04-31-14_results.pkl,10,0.5,1000,2,10,50,5,-5,10,1,20,10,1,100,15,0.5,0.9,0.1,global_drift_unused_generators,0.01,0.001,124,26409.230440676136,17920.34872963989,17138.47750911507,13516.266859631914,3220.0074652266617,0.62
2024-01-10 04:30:37,232ms,baedbe104fb74e8785ea86bf2f3d817c,,LOCAL,/home/morris/UM/phd/code/fed_drift_data_generator/run_data_drift_experiments.py,morris,FINISHED,0.05,25,5,./results/global_drift_unused_generators_2024-01-10_04-30-37_results.pkl,10,0.5,1000,2,10,50,5,-5,10,1,20,10,1,100,15,0.5,0.5,0.1,global_drift_unused_generators,0.01,0.001,62,27828.824412418544,18430.353599484977,19310.255981488273,10775.934850710171,4122.115542634345,0.31
2024-01-10 04:29:59,237ms,40371e5bc69f4a9ba277dd15c2ac4336,,LOCAL,/home/morris/UM/phd/code/fed_drift_data_generator/run_data_drift_experiments.py,morris,FINISHED,0.05,25,5,./results/global_drift_unused_generators_2024-01-10_04-29-59_results.pkl,10,0.0,1000,2,10,50,5,-5,10,1,20,10,9,100,10,0.5,0.9,0.9,global_drift_unused_generators,0.01,0.001,72,0.23960203203604452,0.2245372957074899,0.2251487360492203,0.20989938443987577,0.006754511537461326,0.36
2024-01-10 04:29:44,232ms,795a767cc17b466292ba36f77c458957,,LOCAL,/home/morris/UM/phd/code/fed_drift_data_generator/run_data_drift_experiments.py,morris,FINISHED,0.05,25,5,./results/global_drift_unused_generators_2024-01-10_04-29-44_results.pkl,10,0.0,1000,2,10,50,5,-5,10,1,20,10,9,100,10,0.5,0.5,0.9,global_drift_unused_generators,0.01,0.001,200,0.23277572031419352,0.2219590251534244,0.22168254551948177,0.21472945423292508,0.005090106774147482,1
2024-01-10 04:29:29,234ms,4d807de4179a46fda3e86d53fb2f669a,,LOCAL,/home/morris/UM/phd/code/fed_drift_data_generator/run_data_drift_experiments.py,morris,FINISHED,0.05,25,5,./results/global_drift_unused_generators_2024-01-10_04-29-29_results.pkl,10,0.0,1000,2,10,50,5,-5,10,1,20,10,5,100,10,0.5,0.9,0.5,global_drift_unused_generators,0.01,0.001,200,0.24505407702680246,0.22234867812162368,0.22074569886233697,0.211198931393587,0.007832487745102376,1
2024-01-10 04:29:14,256ms,d52c0720d3a14c41871695561bf04f53,,LOCAL,/home/morris/UM/phd/code/fed_drift_data_generator/run_data_drift_experiments.py,morris,FINISHED,0.05,25,5,./results/global_drift_unused_generators_2024-01-10_04-29-14_results.pkl,10,0.0,1000,2,10,50,5,-5,10,1,20,10,5,100,10,0.5,0.5,0.5,global_drift_unused_generators,0.01,0.001,200,0.2405438245226006,0.22359685572938487,0.22188646103820853,0.21263944563788648,0.007273183743281213,1
2024-01-10 04:28:58,248ms,6274808e096a4bada76163eb86757be5,,LOCAL,/home/morris/UM/phd/code/fed_drift_data_generator/run_data_drift_experiments.py,morris,FINISHED,0.05,25,5,./results/global_drift_unused_generators_2024-01-10_04-28-58_results.pkl,10,0.0,1000,2,10,50,5,-5,10,1,20,10,1,100,10,0.5,0.9,0.1,global_drift_unused_generators,0.01,0.001,189,0.2289386594454014,0.2201890029668933,0.21993530053076032,0.21334530552806413,0.004217465829796451,0.945
2024-01-10 04:28:43,244ms,8297b5ccd9364a79bc2c88114f922150,,LOCAL,/home/morris/UM/phd/code/fed_drift_data_generator/run_data_drift_experiments.py,morris,FINISHED,0.05,25,5,./results/global_drift_unused_generators_2024-01-10_04-28-43_results.pkl,10,0.0,1000,2,10,50,5,-5,10,1,20,10,1,100,10,0.5,0.5,0.1,global_drift_unused_generators,0.01,0.001,16,0.23299202735344032,0.22233652432982268,0.22232766230382345,0.21121765376569024,0.005726180657372734,0.08
2024-01-10 04:28:28,244ms,b91ccab7817f4edd8274342779255998,,LOCAL,/home/morris/UM/phd/code/fed_drift_data_generator/run_data_drift_experiments.py,morris,FINISHED,0.05,25,5,./results/global_drift_unused_generators_2024-01-10_04-28-28_results.pkl,10,-0.5,1000,2,10,50,5,-5,10,1,20,10,9,100,5,0.5,0.9,0.9,global_drift_unused_generators,0.01,0.001,101,0.48472014601779706,0.4516385196218614,0.4471772159073799,0.43405396453240475,0.01407122544329028,0.505
2024-01-10 04:28:22,232ms,92fa436b56cb42699e8c70718a8fb886,,LOCAL,/home/morris/UM/phd/code/fed_drift_data_generator/run_data_drift_experiments.py,morris,FINISHED,0.05,25,5,./results/global_drift_unused_generators_2024-01-10_04-28-22_results.pkl,10,-0.5,1000,2,10,50,5,-5,10,1,20,10,9,100,5,0.5,0.5,0.9,global_drift_unused_generators,0.01,0.001,85,0.48141125375248767,0.4518791564951731,0.4470492194256226,0.4325986968700999,0.013039717446208467,0.425
2024-01-10 04:28:17,233ms,81f331aeb829463c8c0238c78e660522,,LOCAL,/home/morris/UM/phd/code/fed_drift_data_generator/run_data_drift_experiments.py,morris,FINISHED,0.05,25,5,./results/global_drift_unused_generators_2024-01-10_04-28-17_results.pkl,10,-0.5,1000,2,10,50,5,-5,10,1,20,10,5,100,5,0.5,0.9,0.5,global_drift_unused_generators,0.01,0.001,68,0.4706491498953821,0.4516836693585458,0.4506461378536125,0.4220792612531576,0.012326246507648719,0.34
2024-01-10 04:28:12,237ms,c3893880f04e46db9c4a4ee3eac656de,,LOCAL,/home/morris/UM/phd/code/fed_drift_data_generator/run_data_drift_experiments.py,morris,FINISHED,0.05,25,5,./results/global_drift_unused_generators_2024-01-10_04-28-12_results.pkl,10,-0.5,1000,2,10,50,5,-5,10,1,20,10,5,100,5,0.5,0.5,0.5,global_drift_unused_generators,0.01,0.001,34,0.4690131878051922,0.452384390067755,0.4510746284613349,0.436957108112885,0.008964257211567898,0.17
2024-01-10 04:28:06,234ms,dd8e095f5f9041a5a9aaf5d4c931ba8f,,LOCAL,/home/morris/UM/phd/code/fed_drift_data_generator/run_data_drift_experiments.py,morris,FINISHED,0.05,25,5,./results/global_drift_unused_generators_2024-01-10_04-28-06_results.pkl,10,-0.5,1000,2,10,50,5,-5,10,1,20,10,1,100,5,0.5,0.9,0.1,global_drift_unused_generators,0.01,0.001,3,0.4723427846539381,0.4524144485787337,0.45141682152014206,0.43835280137246385,0.009918361126272507,0.015
2024-01-10 04:28:01,234ms,00ed569307754208987747df11640553,,LOCAL,/home/morris/UM/phd/code/fed_drift_data_generator/run_data_drift_experiments.py,morris,FINISHED,0.05,25,5,./results/global_drift_unused_generators_2024-01-10_04-28-01_results.pkl,10,-0.5,1000,2,10,50,5,-5,10,1,20,10,1,100,5,0.5,0.5,0.1,global_drift_unused_generators,0.01,0.001,0,0.48599108775732514,0.4488068009119773,0.45266948419745745,0.4172659023220553,0.014906432743351666,0
2024-01-10 04:27:56,232ms,e578e52ee6ca4be5bda2cadc9eeb80db,,LOCAL,/home/morris/UM/phd/code/fed_drift_data_generator/run_data_drift_experiments.py,morris,FINISHED,0.05,2,5,./results/global_drift_unused_generators_2024-01-10_04-27-56_results.pkl,10,0.5,1000,2,10,50,5,-5,10,1,20,10,9,100,15,0.5,0.9,0.9,global_drift_unused_generators,0.01,0.001,200,0.5282269746162719,0.4452901898013126,0.44814841516411535,0.3651593860651412,0.047183461449779474,1
2024-01-10 04:19:56,233ms,d3c8d0b80f5a4662a67c11928508b74b,,LOCAL,/home/morris/UM/phd/code/fed_drift_data_generator/run_data_drift_experiments.py,morris,FINISHED,0.05,2,5,./results/global_drift_unused_generators_2024-01-10_04-19-56_results.pkl,10,0.5,1000,2,10,50,5,-5,10,1,20,10,9,100,15,0.5,0.5,0.9,global_drift_unused_generators,0.01,0.001,168,0.567753561231338,0.4481632570580242,0.4395524498785873,0.35971616861762523,0.04432769633374344,0.84
2024-01-10 04:11:52,237ms,101b2dc9d6794cf5ad45b54d941f22fb,,LOCAL,/home/morris/UM/phd/code/fed_drift_data_generator/run_data_drift_experiments.py,morris,FINISHED,0.05,2,5,./results/global_drift_unused_generators_2024-01-10_04-11-52_results.pkl,10,0.5,1000,2,10,50,5,-5,10,1,20,10,5,100,15,0.5,0.9,0.5,global_drift_unused_generators,0.01,0.001,133,0.5878340396518772,0.4592194577442375,0.4477976016504481,0.3972610300537109,0.04879641951459998,0.665
2024-01-10 04:03:46,230ms,2e4d026f8c4149e99a7be5bdd1905a99,,LOCAL,/home/morris/UM/phd/code/fed_drift_data_generator/run_data_drift_experiments.py,morris,FINISHED,0.05,2,5,./results/global_drift_unused_generators_2024-01-10_04-03-46_results.pkl,10,0.5,1000,2,10,50,5,-5,10,1,20,10,5,100,15,0.5,0.5,0.5,global_drift_unused_generators,0.01,0.001,106,0.6026006282040826,0.45617849451901715,0.4538827912255371,0.36206552953272786,0.064323018867267,0.53
2024-01-10 03:55:44,235ms,751d5efebdf04f66b81f08881a4f691e,,LOCAL,/home/morris/UM/phd/code/fed_drift_data_generator/run_data_drift_experiments.py,morris,FINISHED,0.05,2,5,./results/global_drift_unused_generators_2024-01-10_03-55-44_results.pkl,10,0.5,1000,2,10,50,5,-5,10,1,20,10,1,100,15,0.5,0.9,0.1,global_drift_unused_generators,0.01,0.001,58,0.5462791722665575,0.44480603220572296,0.451160189883797,0.3595902546608548,0.05132553646579286,0.29
2024-01-10 03:47:38,235ms,214d48e0d066490697b987c2d7f2cddd,,LOCAL,/home/morris/UM/phd/code/fed_drift_data_generator/run_data_drift_experiments.py,morris,FINISHED,0.05,2,5,./results/global_drift_unused_generators_2024-01-10_03-47-38_results.pkl,10,0.5,1000,2,10,50,5,-5,10,1,20,10,1,100,15,0.5,0.5,0.1,global_drift_unused_generators,0.01,0.001,18,0.6213544479902597,0.45312234073061364,0.4406452478716929,0.36706477422890577,0.06653501372776047,0.09
2024-01-10 03:39:33,247ms,f1701cb8124d4357966af25708690aa2,,LOCAL,/home/morris/UM/phd/code/fed_drift_data_generator/run_data_drift_experiments.py,morris,FINISHED,0.05,2,5,./results/global_drift_unused_generators_2024-01-10_03-39-33_results.pkl,10,0.0,1000,2,10,50,5,-5,10,1,20,10,9,100,10,0.5,0.9,0.9,global_drift_unused_generators,0.01,0.001,200,0.7052986428041159,0.5264642815563289,0.5195811659258069,0.41141946987118005,0.06582926235304894,1
2024-01-10 03:36:57,231ms,831a39d0cfb64bbd96625116b251dd41,,LOCAL,/home/morris/UM/phd/code/fed_drift_data_generator/run_data_drift_experiments.py,morris,FINISHED,0.05,2,5,./results/global_drift_unused_generators_2024-01-10_03-36-57_results.pkl,10,0.0,1000,2,10,50,5,-5,10,1,20,10,9,100,10,0.5,0.5,0.9,global_drift_unused_generators,0.01,0.001,158,0.662038894888117,0.515362722269857,0.5197608831314988,0.4036258456759324,0.06656187673114564,0.79
2024-01-10 03:34:16,231ms,c511b61ffdaf4dbabf23e4afc1fba51e,,LOCAL,/home/morris/UM/phd/code/fed_drift_data_generator/run_data_drift_experiments.py,morris,FINISHED,0.05,2,5,./results/global_drift_unused_generators_2024-01-10_03-34-16_results.pkl,10,0.0,1000,2,10,50,5,-5,10,1,20,10,5,100,10,0.5,0.9,0.5,global_drift_unused_generators,0.01,0.001,130,0.6581982035574195,0.5111033572005985,0.4965800011545531,0.4141013433283941,0.07582412093983958,0.65
2024-01-10 03:31:42,253ms,59f9ffdc8b2144c2b5d45ac6b08f7fa8,,LOCAL,/home/morris/UM/phd/code/fed_drift_data_generator/run_data_drift_experiments.py,morris,FINISHED,0.05,2,5,./results/global_drift_unused_generators_2024-01-10_03-31-42_results.pkl,10,0.0,1000,2,10,50,5,-5,10,1,20,10,5,100,10,0.5,0.5,0.5,global_drift_unused_generators,0.01,0.001,88,0.6984182726844895,0.5612175590950385,0.5551147212120491,0.4067188752160723,0.08496801766792052,0.44
2024-01-10 03:29:03,247ms,fefb77779ae14436940798fa1192e0c8,,LOCAL,/home/morris/UM/phd/code/fed_drift_data_generator/run_data_drift_experiments.py,morris,FINISHED,0.05,2,5,./results/global_drift_unused_generators_2024-01-10_03-29-03_results.pkl,10,0.0,1000,2,10,50,5,-5,10,1,20,10,1,100,10,0.5,0.9,0.1,global_drift_unused_generators,0.01,0.001,52,0.7013368939022616,0.5489425037110063,0.5423338524689918,0.465525352781021,0.0677108249665001,0.26
2024-01-10 03:26:22,237ms,b581ae515efa439aad13fe66f151ed0c,,LOCAL,/home/morris/UM/phd/code/fed_drift_data_generator/run_data_drift_experiments.py,morris,FINISHED,0.05,2,5,./results/global_drift_unused_generators_2024-01-10_03-26-22_results.pkl,10,0.0,1000,2,10,50,5,-5,10,1,20,10,1,100,10,0.5,0.5,0.1,global_drift_unused_generators,0.01,0.001,9,0.5754698515931639,0.5001472166470693,0.486957685779229,0.4292461016147655,0.04556654904865735,0.045
2024-01-10 03:23:48,231ms,2746d8f7c9fc4e8997af05e2ac0520d3,,LOCAL,/home/morris/UM/phd/code/fed_drift_data_generator/run_data_drift_experiments.py,morris,FINISHED,0.05,2,5,./results/global_drift_unused_generators_2024-01-10_03-23-48_results.pkl,10,-0.5,1000,2,10,50,5,-5,10,1,20,10,9,100,5,0.5,0.9,0.9,global_drift_unused_generators,0.01,0.001,200,0.7167150166418693,0.5284922159476118,0.5091276955221702,0.455585333482538,0.06940989522040734,1
2024-01-10 03:23:26,242ms,43b0ca831162422f9eb95b00576eb29c,,LOCAL,/home/morris/UM/phd/code/fed_drift_data_generator/run_data_drift_experiments.py,morris,FINISHED,0.05,2,5,./results/global_drift_unused_generators_2024-01-10_03-23-26_results.pkl,10,-0.5,1000,2,10,50,5,-5,10,1,20,10,9,100,5,0.5,0.5,0.9,global_drift_unused_generators,0.01,0.001,148,0.7284434163200301,0.5271885761664223,0.5046407240902853,0.4519423218963488,0.07035511602138485,0.74
2024-01-10 03:23:01,240ms,5f08a66e0e8e4dc8904ef04415cfbfe7,,LOCAL,/home/morris/UM/phd/code/fed_drift_data_generator/run_data_drift_experiments.py,morris,FINISHED,0.05,2,5,./results/global_drift_unused_generators_2024-01-10_03-23-00_results.pkl,10,-0.5,1000,2,10,50,5,-5,10,1,20,10,5,100,5,0.5,0.9,0.5,global_drift_unused_generators,0.01,0.001,132,0.6776953527904974,0.5316743006537752,0.5181820901150451,0.45996812499235584,0.05063370439612997,0.66
2024-01-10 03:22:39,238ms,be1589ad13934410ba1b5cc6a500824c,,LOCAL,/home/morris/UM/phd/code/fed_drift_data_generator/run_data_drift_experiments.py,morris,FINISHED,0.05,2,5,./results/global_drift_unused_generators_2024-01-10_03-22-39_results.pkl,10,-0.5,1000,2,10,50,5,-5,10,1,20,10,5,100,5,0.5,0.5,0.5,global_drift_unused_generators,0.01,0.001,53,0.7463788847814142,0.5437385676425524,0.5187185621174784,0.4351234487497185,0.08535063209088929,0.265
2024-01-10 03:22:13,228ms,d62a1f88f08c480a9f19205d06de389c,,LOCAL,/home/morris/UM/phd/code/fed_drift_data_generator/run_data_drift_experiments.py,morris,FINISHED,0.05,2,5,./results/global_drift_unused_generators_2024-01-10_03-22-13_results.pkl,10,-0.5,1000,2,10,50,5,-5,10,1,20,10,1,100,5,0.5,0.9,0.1,global_drift_unused_generators,0.01,0.001,28,0.6965796538707156,0.5230108145161668,0.5173758800239813,0.4388385796816087,0.060149217058786925,0.14
2024-01-10 03:21:46,241ms,c9cab2c541bb4d1f8a12397387b4cd0f,,LOCAL,/home/morris/UM/phd/code/fed_drift_data_generator/run_data_drift_experiments.py,morris,FINISHED,0.05,2,5,./results/global_drift_unused_generators_2024-01-10_03-21-46_results.pkl,10,-0.5,1000,2,10,50,5,-5,10,1,20,10,1,100,5,0.5,0.5,0.1,global_drift_unused_generators,0.01,0.001,10,0.6560504509834113,0.5089623504982173,0.5072232981543014,0.4500544081778178,0.04827842844908389,0.05
2024-01-10 03:21:19,269ms,bfc6b8c0967849a3aeef33e3a6d8571f,,LOCAL,/home/morris/UM/phd/code/fed_drift_data_generator/run_data_drift_experiments.py,morris,FINISHED,0.025,100,5,./results/global_drift_unused_generators_2024-01-10_03-21-18_results.pkl,10,0.5,1000,2,10,50,5,-5,10,1,20,10,9,100,15,0.5,0.9,0.9,global_drift_unused_generators,0.01,0.001,200,42085.2375243928,36624.68361609399,36805.999829009554,31164.022354359415,2854.924411220769,1
2024-01-10 03:20:30,250ms,c23aee7e832b483ba507ed6893ab389a,,LOCAL,/home/morris/UM/phd/code/fed_drift_data_generator/run_data_drift_experiments.py,morris,FINISHED,0.025,100,5,./results/global_drift_unused_generators_2024-01-10_03-20-29_results.pkl,10,0.5,1000,2,10,50,5,-5,10,1,20,10,9,100,15,0.5,0.5,0.9,global_drift_unused_generators,0.01,0.001,172,44872.87529774892,34753.719795135505,35560.357252652044,22071.03321627267,5378.222592795252,0.86
2024-01-10 03:19:40,229ms,b81c39ba73ca4788959c7a0220904ec0,,LOCAL,/home/morris/UM/phd/code/fed_drift_data_generator/run_data_drift_experiments.py,morris,FINISHED,0.025,100,5,./results/global_drift_unused_generators_2024-01-10_03-19-40_results.pkl,10,0.5,1000,2,10,50,5,-5,10,1,20,10,5,100,15,0.5,0.9,0.5,global_drift_unused_generators,0.01,0.001,185,44811.85045605714,34917.83095007474,35550.42248259345,26576.35449418036,4671.93715903416,0.925
2024-01-10 03:18:51,232ms,33dcdbc31552428784b69a177e9f80fb,,LOCAL,/home/morris/UM/phd/code/fed_drift_data_generator/run_data_drift_experiments.py,morris,FINISHED,0.025,100,5,./results/global_drift_unused_generators_2024-01-10_03-18-51_results.pkl,10,0.5,1000,2,10,50,5,-5,10,1,20,10,5,100,15,0.5,0.5,0.5,global_drift_unused_generators,0.01,0.001,166,43332.55489406598,35413.48066392963,35902.66255654181,27004.135537844882,4872.452898161515,0.83
2024-01-10 03:18:03,245ms,1ba749dfbead4844a7da4e72224a6e7c,,LOCAL,/home/morris/UM/phd/code/fed_drift_data_generator/run_data_drift_experiments.py,morris,FINISHED,0.025,100,5,./results/global_drift_unused_generators_2024-01-10_03-18-03_results.pkl,10,0.5,1000,2,10,50,5,-5,10,1,20,10,1,100,15,0.5,0.9,0.1,global_drift_unused_generators,0.01,0.001,128,41314.074638112594,35291.75476497926,35697.27517446273,27610.149053630666,3757.233230067913,0.64
2024-01-10 03:17:14,235ms,1ee0195d4d9040ecba7be5ee16f3824c,,LOCAL,/home/morris/UM/phd/code/fed_drift_data_generator/run_data_drift_experiments.py,morris,FINISHED,0.025,100,5,./results/global_drift_unused_generators_2024-01-10_03-17-14_results.pkl,10,0.5,1000,2,10,50,5,-5,10,1,20,10,1,100,15,0.5,0.5,0.1,global_drift_unused_generators,0.01,0.001,111,39821.515559226835,34244.76004104317,34579.313714919976,27272.154143999745,4004.9226348652332,0.555
2024-01-10 03:16:25,247ms,92d565866afa4b6393d90776ed94bea2,,LOCAL,/home/morris/UM/phd/code/fed_drift_data_generator/run_data_drift_experiments.py,morris,FINISHED,0.025,100,5,./results/global_drift_unused_generators_2024-01-10_03-16-25_results.pkl,10,0.0,1000,2,10,50,5,-5,10,1,20,10,9,100,10,0.5,0.9,0.9,global_drift_unused_generators,0.01,0.001,182,0.20934896652490725,0.20265721359522573,0.20211995595020282,0.19674836990214964,0.0036324630261957203,0.91
2024-01-10 03:15:58,245ms,f47f93e00b3249538713f81045d6e94c,,LOCAL,/home/morris/UM/phd/code/fed_drift_data_generator/run_data_drift_experiments.py,morris,FINISHED,0.025,100,5,./results/global_drift_unused_generators_2024-01-10_03-15-58_results.pkl,10,0.0,1000,2,10,50,5,-5,10,1,20,10,9,100,10,0.5,0.5,0.9,global_drift_unused_generators,0.01,0.001,200,0.2054154580866247,0.20217550598365935,0.20163450304895894,0.19932930089647702,0.001781144854283867,1
2024-01-10 03:15:30,246ms,8a4e6da01f9945b19af08d8afd6649d5,,LOCAL,/home/morris/UM/phd/code/fed_drift_data_generator/run_data_drift_experiments.py,morris,FINISHED,0.025,100,5,./results/global_drift_unused_generators_2024-01-10_03-15-30_results.pkl,10,0.0,1000,2,10,50,5,-5,10,1,20,10,5,100,10,0.5,0.9,0.5,global_drift_unused_generators,0.01,0.001,200,0.20677172786064552,0.20201808933450116,0.20257000043633383,0.1971799608603111,0.002032749844221562,1
2024-01-10 03:15:03,247ms,dce4271cd79442e88bbc7c5bc96b11d6,,LOCAL,/home/morris/UM/phd/code/fed_drift_data_generator/run_data_drift_experiments.py,morris,FINISHED,0.025,100,5,./results/global_drift_unused_generators_2024-01-10_03-15-03_results.pkl,10,0.0,1000,2,10,50,5,-5,10,1,20,10,5,100,10,0.5,0.5,0.5,global_drift_unused_generators,0.01,0.001,200,0.20427123377277043,0.20030059282028234,0.2005290028682481,0.19720054693638073,0.001986961921820346,1
2024-01-10 03:14:36,230ms,d21e7809c2bf405bb44c6d8c10b5cde3,,LOCAL,/home/morris/UM/phd/code/fed_drift_data_generator/run_data_drift_experiments.py,morris,FINISHED,0.025,100,5,./results/global_drift_unused_generators_2024-01-10_03-14-36_results.pkl,10,0.0,1000,2,10,50,5,-5,10,1,20,10,1,100,10,0.5,0.9,0.1,global_drift_unused_generators,0.01,0.001,200,0.20630587235492928,0.20166062786436387,0.2017478341040314,0.19655808481321818,0.002609687254331391,1
2024-01-10 03:14:08,235ms,6306077be3394fbaa4cb22f9b2da9fba,,LOCAL,/home/morris/UM/phd/code/fed_drift_data_generator/run_data_drift_experiments.py,morris,FINISHED,0.025,100,5,./results/global_drift_unused_generators_2024-01-10_03-14-08_results.pkl,10,0.0,1000,2,10,50,5,-5,10,1,20,10,1,100,10,0.5,0.5,0.1,global_drift_unused_generators,0.01,0.001,197,0.2097530720057555,0.20191486632300193,0.20236423465327377,0.19715599433766948,0.0027992752009416448,0.985
2024-01-10 03:13:41,229ms,008b6b99535f4827a26423b7258dcae3,,LOCAL,/home/morris/UM/phd/code/fed_drift_data_generator/run_data_drift_experiments.py,morris,FINISHED,0.025,100,5,./results/global_drift_unused_generators_2024-01-10_03-13-41_results.pkl,10,-0.5,1000,2,10,50,5,-5,10,1,20,10,9,100,5,0.5,0.9,0.9,global_drift_unused_generators,0.01,0.001,150,0.49522369565912194,0.4646407704035638,0.4643861022993465,0.45099002460297033,0.010252490291072499,0.75
2024-01-10 03:13:26,234ms,7e14abe1ce6f4c4881abb0b0de80e471,,LOCAL,/home/morris/UM/phd/code/fed_drift_data_generator/run_data_drift_experiments.py,morris,FINISHED,0.025,100,5,./results/global_drift_unused_generators_2024-01-10_03-13-26_results.pkl,10,-0.5,1000,2,10,50,5,-5,10,1,20,10,9,100,5,0.5,0.5,0.9,global_drift_unused_generators,0.01,0.001,178,0.47839270947114276,0.4652695968126352,0.4649429958468596,0.4495941754395593,0.008255130237381057,0.89
2024-01-10 03:13:12,247ms,ac4e0d341fed40e6a5b6fd5669dc7699,,LOCAL,/home/morris/UM/phd/code/fed_drift_data_generator/run_data_drift_experiments.py,morris,FINISHED,0.025,100,5,./results/global_drift_unused_generators_2024-01-10_03-13-11_results.pkl,10,-0.5,1000,2,10,50,5,-5,10,1,20,10,5,100,5,0.5,0.9,0.5,global_drift_unused_generators,0.01,0.001,135,0.48079740251199177,0.4617965819544191,0.4596813789165142,0.44698395587937406,0.009132091885857717,0.675
2024-01-10 03:12:58,229ms,9274d2c671ac4c7ebfb4a86782e441b1,,LOCAL,/home/morris/UM/phd/code/fed_drift_data_generator/run_data_drift_experiments.py,morris,FINISHED,0.025,100,5,./results/global_drift_unused_generators_2024-01-10_03-12-57_results.pkl,10,-0.5,1000,2,10,50,5,-5,10,1,20,10,5,100,5,0.5,0.5,0.5,global_drift_unused_generators,0.01,0.001,96,0.47788898551303544,0.46418546606486705,0.4660007127059987,0.4461672295472455,0.008594905869018744,0.48
2024-01-10 03:12:44,245ms,6df8d62c27d6435397ea169a3e84f8c8,,LOCAL,/home/morris/UM/phd/code/fed_drift_data_generator/run_data_drift_experiments.py,morris,FINISHED,0.025,100,5,./results/global_drift_unused_generators_2024-01-10_03-12-43_results.pkl,10,-0.5,1000,2,10,50,5,-5,10,1,20,10,1,100,5,0.5,0.9,0.1,global_drift_unused_generators,0.01,0.001,58,0.4887406788437187,0.46560850520279706,0.4650854118854729,0.4459506477391565,0.010968200342690455,0.29
2024-01-10 03:12:30,230ms,0b621d48db9c44ee8b250fa54b1ca668,,LOCAL,/home/morris/UM/phd/code/fed_drift_data_generator/run_data_drift_experiments.py,morris,FINISHED,0.025,100,5,./results/global_drift_unused_generators_2024-01-10_03-12-30_results.pkl,10,-0.5,1000,2,10,50,5,-5,10,1,20,10,1,100,5,0.5,0.5,0.1,global_drift_unused_generators,0.01,0.001,18,0.47404926509790163,0.46074083321361803,0.4616891627448616,0.44246713912944635,0.0077130163145956296,0.09
2024-01-10 03:12:16,230ms,671a3cac46674925941fe5cbae38f76d,,LOCAL,/home/morris/UM/phd/code/fed_drift_data_generator/run_data_drift_experiments.py,morris,FINISHED,0.025,25,5,./results/global_drift_unused_generators_2024-01-10_03-12-16_results.pkl,10,0.5,1000,2,10,50,5,-5,10,1,20,10,9,100,15,0.5,0.9,0.9,global_drift_unused_generators,0.01,0.001,200,22399.975983692813,16755.225691192307,16274.55930092184,11481.203683060068,3109.066904853684,1
2024-01-10 03:11:38,228ms,8f05ee098e534472b4492277d4533bf6,,LOCAL,/home/morris/UM/phd/code/fed_drift_data_generator/run_data_drift_experiments.py,morris,FINISHED,0.025,25,5,./results/global_drift_unused_generators_2024-01-10_03-11-38_results.pkl,10,0.5,1000,2,10,50,5,-5,10,1,20,10,9,100,15,0.5,0.5,0.9,global_drift_unused_generators,0.01,0.001,166,24146.65021450497,17824.75348031318,17894.62770958744,10621.334277862768,3693.4334776463206,0.83
2024-01-10 03:11:00,230ms,41f0dd9326be4716a9f36b56803c4a1a,,LOCAL,/home/morris/UM/phd/code/fed_drift_data_generator/run_data_drift_experiments.py,morris,FINISHED,0.025,25,5,./results/global_drift_unused_generators_2024-01-10_03-11-00_results.pkl,10,0.5,1000,2,10,50,5,-5,10,1,20,10,5,100,15,0.5,0.9,0.5,global_drift_unused_generators,0.01,0.001,190,24585.75083305801,17004.90891635669,16083.023303876147,10620.82610366048,3525.465191946323,0.95
2024-01-10 03:10:22,231ms,ef1249156b4e484bb38ae8ad5dbed35f,,LOCAL,/home/morris/UM/phd/code/fed_drift_data_generator/run_data_drift_experiments.py,morris,FINISHED,0.025,25,5,./results/global_drift_unused_generators_2024-01-10_03-10-22_results.pkl,10,0.5,1000,2,10,50,5,-5,10,1,20,10,5,100,15,0.5,0.5,0.5,global_drift_unused_generators,0.01,0.001,178,26569.663261455677,16720.57485473185,15939.312682876629,11425.624138623347,3993.057590116686,0.89
2024-01-10 03:09:44,232ms,4cf1c66699c94fa782ee5f381c295ac6,,LOCAL,/home/morris/UM/phd/code/fed_drift_data_generator/run_data_drift_experiments.py,morris,FINISHED,0.025,25,5,./results/global_drift_unused_generators_2024-01-10_03-09-44_results.pkl,10,0.5,1000,2,10,50,5,-5,10,1,20,10,1,100,15,0.5,0.9,0.1,global_drift_unused_generators,0.01,0.001,131,27570.92459609208,18325.36942349842,18780.581565760287,11072.856248213526,3811.3627798644575,0.655
2024-01-10 03:09:06,226ms,c6645cd8943945bb9d82ebafdf535b3c,,LOCAL,/home/morris/UM/phd/code/fed_drift_data_generator/run_data_drift_experiments.py,morris,FINISHED,0.025,25,5,./results/global_drift_unused_generators_2024-01-10_03-09-06_results.pkl,10,0.5,1000,2,10,50,5,-5,10,1,20,10,1,100,15,0.5,0.5,0.1,global_drift_unused_generators,0.01,0.001,114,23150.9334045144,16849.695668027955,16126.694038217458,11877.52922597432,3191.3295761853724,0.57
2024-01-10 03:08:28,238ms,8d0dde557396466f8e97c62186daf71e,,LOCAL,/home/morris/UM/phd/code/fed_drift_data_generator/run_data_drift_experiments.py,morris,FINISHED,0.025,25,5,./results/global_drift_unused_generators_2024-01-10_03-08-28_results.pkl,10,0.0,1000,2,10,50,5,-5,10,1,20,10,9,100,10,0.5,0.9,0.9,global_drift_unused_generators,0.01,0.001,124,0.24101079871735837,0.22642824378131426,0.22494942816949848,0.2150629938303111,0.007327787725919227,0.62
2024-01-10 03:08:12,246ms,dea8d9613cc14b9994bce0abad7d7166,,LOCAL,/home/morris/UM/phd/code/fed_drift_data_generator/run_data_drift_experiments.py,morris,FINISHED,0.025,25,5,./results/global_drift_unused_generators_2024-01-10_03-08-12_results.pkl,10,0.0,1000,2,10,50,5,-5,10,1,20,10,9,100,10,0.5,0.5,0.9,global_drift_unused_generators,0.01,0.001,200,0.23138995630926673,0.22178074216747273,0.22088312909102698,0.2125530915412399,0.005026263670692677,1
2024-01-10 03:07:57,233ms,ba7890596f174f0d83e694e58211e702,,LOCAL,/home/morris/UM/phd/code/fed_drift_data_generator/run_data_drift_experiments.py,morris,FINISHED,0.025,25,5,./results/global_drift_unused_generators_2024-01-10_03-07-57_results.pkl,10,0.0,1000,2,10,50,5,-5,10,1,20,10,5,100,10,0.5,0.9,0.5,global_drift_unused_generators,0.01,0.001,200,0.23649027496290156,0.22323183613342817,0.22228605739022472,0.21306797373328196,0.006086630520551204,1
2024-01-10 03:07:42,235ms,a73bed82ba324a5fab2c02b4e7e36ec8,,LOCAL,/home/morris/UM/phd/code/fed_drift_data_generator/run_data_drift_experiments.py,morris,FINISHED,0.025,25,5,./results/global_drift_unused_generators_2024-01-10_03-07-42_results.pkl,10,0.0,1000,2,10,50,5,-5,10,1,20,10,5,100,10,0.5,0.5,0.5,global_drift_unused_generators,0.01,0.001,200,0.23655174458152847,0.22207177451844906,0.22208030929875366,0.2125133508646769,0.006232248358975544,1
2024-01-10 03:07:27,229ms,637163570f1b44fe963ff30974f68ef9,,LOCAL,/home/morris/UM/phd/code/fed_drift_data_generator/run_data_drift_experiments.py,morris,FINISHED,0.025,25,5,./results/global_drift_unused_generators_2024-01-10_03-07-27_results.pkl,10,0.0,1000,2,10,50,5,-5,10,1,20,10,1,100,10,0.5,0.9,0.1,global_drift_unused_generators,0.01,0.001,200,0.23240651342735608,0.2227574583023792,0.22410542326410104,0.21458953108090056,0.005499904977432077,1
2024-01-10 03:07:12,235ms,f07ca959c9b446b0af2b98ba3ac3e9dd,,LOCAL,/home/morris/UM/phd/code/fed_drift_data_generator/run_data_drift_experiments.py,morris,FINISHED,0.025,25,5,./results/global_drift_unused_generators_2024-01-10_03-07-12_results.pkl,10,0.0,1000,2,10,50,5,-5,10,1,20,10,1,100,10,0.5,0.5,0.1,global_drift_unused_generators,0.01,0.001,117,0.25518792487977376,0.22146332155439047,0.22065294588628534,0.20927992888577304,0.009275256006032101,0.585
2024-01-10 03:06:56,248ms,921f5ea2513742ee8c15538f42f43d13,,LOCAL,/home/morris/UM/phd/code/fed_drift_data_generator/run_data_drift_experiments.py,morris,FINISHED,0.025,25,5,./results/global_drift_unused_generators_2024-01-10_03-06-56_results.pkl,10,-0.5,1000,2,10,50,5,-5,10,1,20,10,9,100,5,0.5,0.9,0.9,global_drift_unused_generators,0.01,0.001,154,0.481101262126869,0.4494563929393826,0.45008297005501186,0.4280516211908778,0.0120674367005736,0.77
2024-01-10 03:06:51,240ms,43fbfe8226624139978a8f5c74cd8b2c,,LOCAL,/home/morris/UM/phd/code/fed_drift_data_generator/run_data_drift_experiments.py,morris,FINISHED,0.025,25,5,./results/global_drift_unused_generators_2024-01-10_03-06-51_results.pkl,10,-0.5,1000,2,10,50,5,-5,10,1,20,10,9,100,5,0.5,0.5,0.9,global_drift_unused_generators,0.01,0.001,158,0.4778303802183136,0.45216505300630006,0.45269837991784967,0.4291617531820708,0.013918938055608076,0.79
2024-01-10 03:06:46,231ms,eff9ae75ac094428813a258b6c8edeb0,,LOCAL,/home/morris/UM/phd/code/fed_drift_data_generator/run_data_drift_experiments.py,morris,FINISHED,0.025,25,5,./results/global_drift_unused_generators_2024-01-10_03-06-46_results.pkl,10,-0.5,1000,2,10,50,5,-5,10,1,20,10,5,100,5,0.5,0.9,0.5,global_drift_unused_generators,0.01,0.001,130,0.4816181110757568,0.4561352317173511,0.4561534426468904,0.43204274188013125,0.01223296820583191,0.65
2024-01-10 03:06:40,242ms,ef3e64ffb4a44f0f989f8036f1b1b266,,LOCAL,/home/morris/UM/phd/code/fed_drift_data_generator/run_data_drift_experiments.py,morris,FINISHED,0.025,25,5,./results/global_drift_unused_generators_2024-01-10_03-06-40_results.pkl,10,-0.5,1000,2,10,50,5,-5,10,1,20,10,5,100,5,0.5,0.5,0.5,global_drift_unused_generators,0.01,0.001,100,0.4741889596954107,0.44933501278510074,0.44856494722701623,0.427633424435268,0.011552987265467596,0.5
2024-01-10 03:06:35,248ms,e7875aeb08f7444d84c63a78b8a22434,,LOCAL,/home/morris/UM/phd/code/fed_drift_data_generator/run_data_drift_experiments.py,morris,FINISHED,0.025,25,5,./results/global_drift_unused_generators_2024-01-10_03-06-35_results.pkl,10,-0.5,1000,2,10,50,5,-5,10,1,20,10,1,100,5,0.5,0.9,0.1,global_drift_unused_generators,0.01,0.001,47,0.47013455437694535,0.45057393088214653,0.4505160034207342,0.42998273581078844,0.011182344677234316,0.235
2024-01-10 03:06:30,233ms,7fa7b12373e74d00be4d21b128cc9a3e,,LOCAL,/home/morris/UM/phd/code/fed_drift_data_generator/run_data_drift_experiments.py,morris,FINISHED,0.025,25,5,./results/global_drift_unused_generators_2024-01-10_03-06-29_results.pkl,10,-0.5,1000,2,10,50,5,-5,10,1,20,10,1,100,5,0.5,0.5,0.1,global_drift_unused_generators,0.01,0.001,25,0.47597015963476885,0.45377490434982154,0.45215228463868246,0.42527806283399616,0.013274317115992638,0.125
2024-01-10 03:06:24,235ms,7f797a046b3a440caa3176058b132715,,LOCAL,/home/morris/UM/phd/code/fed_drift_data_generator/run_data_drift_experiments.py,morris,FINISHED,0.025,2,5,./results/global_drift_unused_generators_2024-01-10_03-06-24_results.pkl,10,0.5,1000,2,10,50,5,-5,10,1,20,10,9,100,15,0.5,0.9,0.9,global_drift_unused_generators,0.01,0.001,200,0.4979239106951287,0.43753122530450117,0.4409626382338827,0.38311478814682853,0.03023284411313602,1
2024-01-10 02:58:25,252ms,0be7181493824bb1b2d0131075362f37,,LOCAL,/home/morris/UM/phd/code/fed_drift_data_generator/run_data_drift_experiments.py,morris,FINISHED,0.025,2,5,./results/global_drift_unused_generators_2024-01-10_02-58-25_results.pkl,10,0.5,1000,2,10,50,5,-5,10,1,20,10,9,100,15,0.5,0.5,0.9,global_drift_unused_generators,0.01,0.001,187,0.5150725235881404,0.43985173363210095,0.43072636655952157,0.33643735217807685,0.045018090995361,0.935
2024-01-10 02:50:30,227ms,2111a36b8f48476dacefe9a19a46a487,,LOCAL,/home/morris/UM/phd/code/fed_drift_data_generator/run_data_drift_experiments.py,morris,FINISHED,0.025,2,5,./results/global_drift_unused_generators_2024-01-10_02-50-30_results.pkl,10,0.5,1000,2,10,50,5,-5,10,1,20,10,5,100,15,0.5,0.9,0.5,global_drift_unused_generators,0.01,0.001,178,0.550198481042044,0.45638508134481937,0.4499006090019928,0.37553471953345025,0.0466955557066418,0.89
2024-01-10 02:42:29,233ms,318337ecf6f84dc18fcee6d4368b6190,,LOCAL,/home/morris/UM/phd/code/fed_drift_data_generator/run_data_drift_experiments.py,morris,FINISHED,0.025,2,5,./results/global_drift_unused_generators_2024-01-10_02-42-29_results.pkl,10,0.5,1000,2,10,50,5,-5,10,1,20,10,5,100,15,0.5,0.5,0.5,global_drift_unused_generators,0.01,0.001,147,0.536341521929937,0.4518509144296344,0.45508102235177794,0.3526383244504587,0.049200176830038314,0.735
2024-01-10 02:34:27,226ms,197fc0a2bb8e46ad91c687962483ce28,,LOCAL,/home/morris/UM/phd/code/fed_drift_data_generator/run_data_drift_experiments.py,morris,FINISHED,0.025,2,5,./results/global_drift_unused_generators_2024-01-10_02-34-27_results.pkl,10,0.5,1000,2,10,50,5,-5,10,1,20,10,1,100,15,0.5,0.9,0.1,global_drift_unused_generators,0.01,0.001,104,0.5993500917387979,0.45535027797119226,0.4455322715792761,0.31754618038347787,0.06803902972137243,0.52
2024-01-10 02:26:26,249ms,5f6be909f16944218d6d452978323c95,,LOCAL,/home/morris/UM/phd/code/fed_drift_data_generator/run_data_drift_experiments.py,morris,FINISHED,0.025,2,5,./results/global_drift_unused_generators_2024-01-10_02-26-26_results.pkl,10,0.5,1000,2,10,50,5,-5,10,1,20,10,1,100,15,0.5,0.5,0.1,global_drift_unused_generators,0.01,0.001,60,0.5619917968610385,0.4482126332934876,0.4342168912578215,0.36860814531667946,0.058842625603931914,0.3
2024-01-10 02:18:26,243ms,6972cce8922a49fdafda53dbf3648b44,,LOCAL,/home/morris/UM/phd/code/fed_drift_data_generator/run_data_drift_experiments.py,morris,FINISHED,0.025,2,5,./results/global_drift_unused_generators_2024-01-10_02-18-26_results.pkl,10,0.0,1000,2,10,50,5,-5,10,1,20,10,9,100,10,0.5,0.9,0.9,global_drift_unused_generators,0.01,0.001,200,0.6706713625991492,0.5088105998000719,0.5059898991941396,0.38491049578197567,0.08082896826177093,1
2024-01-10 02:15:49,228ms,144cf0099d9a473a9fc692a2e6a6411f,,LOCAL,/home/morris/UM/phd/code/fed_drift_data_generator/run_data_drift_experiments.py,morris,FINISHED,0.025,2,5,./results/global_drift_unused_generators_2024-01-10_02-15-49_results.pkl,10,0.0,1000,2,10,50,5,-5,10,1,20,10,9,100,10,0.5,0.5,0.9,global_drift_unused_generators,0.01,0.001,189,0.6676182695356979,0.5337066132503037,0.54336442372608,0.4153474657188615,0.06627897066473314,0.945
2024-01-10 02:13:14,238ms,d248452b64484eddb7bdd67a6eeb87dd,,LOCAL,/home/morris/UM/phd/code/fed_drift_data_generator/run_data_drift_experiments.py,morris,FINISHED,0.025,2,5,./results/global_drift_unused_generators_2024-01-10_02-13-14_results.pkl,10,0.0,1000,2,10,50,5,-5,10,1,20,10,5,100,10,0.5,0.9,0.5,global_drift_unused_generators,0.01,0.001,157,0.6881767173472643,0.5230423113478269,0.5007643026409685,0.38783374726763403,0.08115851977398117,0.785
2024-01-10 02:10:54,231ms,9182e089d34a412ca3008365180b1bec,,LOCAL,/home/morris/UM/phd/code/fed_drift_data_generator/run_data_drift_experiments.py,morris,FINISHED,0.025,2,5,./results/global_drift_unused_generators_2024-01-10_02-10-54_results.pkl,10,0.0,1000,2,10,50,5,-5,10,1,20,10,5,100,10,0.5,0.5,0.5,global_drift_unused_generators,0.01,0.001,141,0.6309421617586881,0.5344628030398255,0.5184277608570604,0.3815153586907201,0.0669329231230879,0.705
2024-01-10 02:08:27,234ms,fb01e9d31acf4f9d8cff6baa94f80325,,LOCAL,/home/morris/UM/phd/code/fed_drift_data_generator/run_data_drift_experiments.py,morris,FINISHED,0.025,2,5,./results/global_drift_unused_generators_2024-01-10_02-08-27_results.pkl,10,0.0,1000,2,10,50,5,-5,10,1,20,10,1,100,10,0.5,0.9,0.1,global_drift_unused_generators,0.01,0.001,109,0.6078264775417355,0.5015631345019435,0.5102418267387432,0.4002014824330612,0.057938883598512736,0.545
2024-01-10 02:05:49,248ms,3050f1d4543c45e3810f9c9a20c6966f,,LOCAL,/home/morris/UM/phd/code/fed_drift_data_generator/run_data_drift_experiments.py,morris,FINISHED,0.025,2,5,./results/global_drift_unused_generators_2024-01-10_02-05-49_results.pkl,10,0.0,1000,2,10,50,5,-5,10,1,20,10,1,100,10,0.5,0.5,0.1,global_drift_unused_generators,0.01,0.001,64,0.7738403351688021,0.5339900963499655,0.5313933586387605,0.38194752940667487,0.08371045005153133,0.32
2024-01-10 02:03:23,244ms,1017c333311c4e2a98a9c37078d2f14d,,LOCAL,/home/morris/UM/phd/code/fed_drift_data_generator/run_data_drift_experiments.py,morris,FINISHED,0.025,2,5,./results/global_drift_unused_generators_2024-01-10_02-03-23_results.pkl,10,-0.5,1000,2,10,50,5,-5,10,1,20,10,9,100,5,0.5,0.9,0.9,global_drift_unused_generators,0.01,0.001,200,0.6437495461615695,0.5205810722369671,0.5090873882190938,0.42676997700943786,0.059002355237385916,1
2024-01-10 02:02:59,236ms,e9e69036c6d64b99865efbdc2afa15f2,,LOCAL,/home/morris/UM/phd/code/fed_drift_data_generator/run_data_drift_experiments.py,morris,FINISHED,0.025,2,5,./results/global_drift_unused_generators_2024-01-10_02-02-59_results.pkl,10,-0.5,1000,2,10,50,5,-5,10,1,20,10,9,100,5,0.5,0.5,0.9,global_drift_unused_generators,0.01,0.001,187,0.6730875379094584,0.5239452925246878,0.5061492644882111,0.4213228168266955,0.06361873211123352,0.935
2024-01-10 02:02:35,232ms,215b25ee67a142c283d2724b9ebe431f,,LOCAL,/home/morris/UM/phd/code/fed_drift_data_generator/run_data_drift_experiments.py,morris,FINISHED,0.025,2,5,./results/global_drift_unused_generators_2024-01-10_02-02-35_results.pkl,10,-0.5,1000,2,10,50,5,-5,10,1,20,10,5,100,5,0.5,0.9,0.5,global_drift_unused_generators,0.01,0.001,150,0.6816816971243929,0.531964479802263,0.5196416843006963,0.45338694637924143,0.06511304167425694,0.75
2024-01-10 02:02:11,233ms,b2fb55579236483b8b3552f82c2d6463,,LOCAL,/home/morris/UM/phd/code/fed_drift_data_generator/run_data_drift_experiments.py,morris,FINISHED,0.025,2,5,./results/global_drift_unused_generators_2024-01-10_02-02-11_results.pkl,10,-0.5,1000,2,10,50,5,-5,10,1,20,10,5,100,5,0.5,0.5,0.5,global_drift_unused_generators,0.01,0.001,105,0.6441644364709564,0.5105700599346615,0.49091920880465556,0.45307198612466404,0.05324631130280131,0.525
2024-01-10 02:01:42,234ms,03358f5ea2d24b299673b8d8daa032db,,LOCAL,/home/morris/UM/phd/code/fed_drift_data_generator/run_data_drift_experiments.py,morris,FINISHED,0.025,2,5,./results/global_drift_unused_generators_2024-01-10_02-01-42_results.pkl,10,-0.5,1000,2,10,50,5,-5,10,1,20,10,1,100,5,0.5,0.9,0.1,global_drift_unused_generators,0.01,0.001,56,0.7001667314132376,0.5272763480731829,0.5140308327457386,0.4553262603270566,0.06712077533995946,0.28
2024-01-10 02:01:21,227ms,fea90db2b105493dbe9684cdb62b6442,,LOCAL,/home/morris/UM/phd/code/fed_drift_data_generator/run_data_drift_experiments.py,morris,FINISHED,0.025,2,5,./results/global_drift_unused_generators_2024-01-10_02-01-21_results.pkl,10,-0.5,1000,2,10,50,5,-5,10,1,20,10,1,100,5,0.5,0.5,0.1,global_drift_unused_generators,0.01,0.001,27,0.652794415673969,0.5195617346880553,0.5122227339039471,0.4420446482323359,0.049052434413567304,0.135
2024-01-10 02:00:52,227ms,ff42ee976b8a4503b9cdf810ea433154,,LOCAL,/home/morris/UM/phd/code/fed_drift_data_generator/run_data_drift_experiments.py,morris,FINISHED,0.01,100,5,./results/global_drift_unused_generators_2024-01-10_02-00-51_results.pkl,10,0.5,1000,2,10,50,5,-5,10,1,20,10,9,100,15,0.5,0.9,0.9,global_drift_unused_generators,0.01,0.001,200,41113.30064095653,33056.835834545236,33695.58324527655,25383.947034406105,5052.202253686607,1
2024-01-10 02:00:03,233ms,99178e0dffe9489e86dd564061fa2576,,LOCAL,/home/morris/UM/phd/code/fed_drift_data_generator/run_data_drift_experiments.py,morris,FINISHED,0.01,100,5,./results/global_drift_unused_generators_2024-01-10_02-00-02_results.pkl,10,0.5,1000,2,10,50,5,-5,10,1,20,10,9,100,15,0.5,0.5,0.9,global_drift_unused_generators,0.01,0.001,182,42602.07196067916,35882.20567331094,36151.75892080356,29501.84338517355,3864.2183066564057,0.91
2024-01-10 01:59:13,240ms,fbbbbe2aa449479290eb6fc892794cab,,LOCAL,/home/morris/UM/phd/code/fed_drift_data_generator/run_data_drift_experiments.py,morris,FINISHED,0.01,100,5,./results/global_drift_unused_generators_2024-01-10_01-59-13_results.pkl,10,0.5,1000,2,10,50,5,-5,10,1,20,10,5,100,15,0.5,0.9,0.5,global_drift_unused_generators,0.01,0.001,192,42126.59102365634,37495.036033129276,37946.41125700707,26524.29544417911,4034.554118110267,0.96
2024-01-10 01:58:24,236ms,a257299b8dfc4121a8bc0ee96c5933ff,,LOCAL,/home/morris/UM/phd/code/fed_drift_data_generator/run_data_drift_experiments.py,morris,FINISHED,0.01,100,5,./results/global_drift_unused_generators_2024-01-10_01-58-24_results.pkl,10,0.5,1000,2,10,50,5,-5,10,1,20,10,5,100,15,0.5,0.5,0.5,global_drift_unused_generators,0.01,0.001,185,41556.70824118349,36031.371790297126,35907.30340153647,27957.510627917618,3103.8513967589106,0.925
2024-01-10 01:57:35,237ms,4ab30fc9c6ca4913bf8d27a484aa85c7,,LOCAL,/home/morris/UM/phd/code/fed_drift_data_generator/run_data_drift_experiments.py,morris,FINISHED,0.01,100,5,./results/global_drift_unused_generators_2024-01-10_01-57-35_results.pkl,10,0.5,1000,2,10,50,5,-5,10,1,20,10,1,100,15,0.5,0.9,0.1,global_drift_unused_generators,0.01,0.001,138,41228.806809616704,36212.04336250252,36908.68112818152,28305.8996485815,3884.1947978353414,0.69
2024-01-10 01:56:47,248ms,c340578630a04b72b3bc8d41eed33f89,,LOCAL,/home/morris/UM/phd/code/fed_drift_data_generator/run_data_drift_experiments.py,morris,FINISHED,0.01,100,5,./results/global_drift_unused_generators_2024-01-10_01-56-46_results.pkl,10,0.5,1000,2,10,50,5,-5,10,1,20,10,1,100,15,0.5,0.5,0.1,global_drift_unused_generators,0.01,0.001,139,42384.58270573817,32932.545730749276,33858.00885137514,20342.431557632477,5485.797755400328,0.695
2024-01-10 01:55:58,228ms,bb21f29e5e334c2a93c04a5d7fea24c5,,LOCAL,/home/morris/UM/phd/code/fed_drift_data_generator/run_data_drift_experiments.py,morris,FINISHED,0.01,100,5,./results/global_drift_unused_generators_2024-01-10_01-55-58_results.pkl,10,0.0,1000,2,10,50,5,-5,10,1,20,10,9,100,10,0.5,0.9,0.9,global_drift_unused_generators,0.01,0.001,200,0.20485960064184972,0.2011051991146177,0.20119828348381646,0.19768546271469684,0.0019949995063262547,1
2024-01-10 01:55:30,224ms,ad14684cd4ce4c559a60a6cea5aa266e,,LOCAL,/home/morris/UM/phd/code/fed_drift_data_generator/run_data_drift_experiments.py,morris,FINISHED,0.01,100,5,./results/global_drift_unused_generators_2024-01-10_01-55-30_results.pkl,10,0.0,1000,2,10,50,5,-5,10,1,20,10,9,100,10,0.5,0.5,0.9,global_drift_unused_generators,0.01,0.001,200,0.20428363318201867,0.20162185391259174,0.20165395751834325,0.1981618280537906,0.0017212932799289414,1
2024-01-10 01:55:03,256ms,a0cf9cf9374e407f80df3d1818ccf1b5,,LOCAL,/home/morris/UM/phd/code/fed_drift_data_generator/run_data_drift_experiments.py,morris,FINISHED,0.01,100,5,./results/global_drift_unused_generators_2024-01-10_01-55-03_results.pkl,10,0.0,1000,2,10,50,5,-5,10,1,20,10,5,100,10,0.5,0.9,0.5,global_drift_unused_generators,0.01,0.001,200,0.20555142576841995,0.20165234314685782,0.20198897840159052,0.19567022558906716,0.0027287512198831934,1
2024-01-10 01:54:35,241ms,42cae93cb16f4ae89ac1498ff67fe904,,LOCAL,/home/morris/UM/phd/code/fed_drift_data_generator/run_data_drift_experiments.py,morris,FINISHED,0.01,100,5,./results/global_drift_unused_generators_2024-01-10_01-54-35_results.pkl,10,0.0,1000,2,10,50,5,-5,10,1,20,10,5,100,10,0.5,0.5,0.5,global_drift_unused_generators,0.01,0.001,200,0.20465984842846036,0.20156756294969305,0.20149846123971396,0.1988143957914854,0.001647120451277698,1
2024-01-10 01:54:07,251ms,7b12d45d8f9c4f8ba1dc040d81c650ac,,LOCAL,/home/morris/UM/phd/code/fed_drift_data_generator/run_data_drift_experiments.py,morris,FINISHED,0.01,100,5,./results/global_drift_unused_generators_2024-01-10_01-54-07_results.pkl,10,0.0,1000,2,10,50,5,-5,10,1,20,10,1,100,10,0.5,0.9,0.1,global_drift_unused_generators,0.01,0.001,200,0.20849458785073124,0.2018865543931685,0.20131599626172442,0.19638467941135887,0.002898748247251151,1
2024-01-10 01:53:40,226ms,a95e9c6a7d254a9ea7f5360c04627b7e,,LOCAL,/home/morris/UM/phd/code/fed_drift_data_generator/run_data_drift_experiments.py,morris,FINISHED,0.01,100,5,./results/global_drift_unused_generators_2024-01-10_01-53-40_results.pkl,10,0.0,1000,2,10,50,5,-5,10,1,20,10,1,100,10,0.5,0.5,0.1,global_drift_unused_generators,0.01,0.001,200,0.2061969580185131,0.20114455404909587,0.20118981440774414,0.19791184887945681,0.0021980516031351754,1
2024-01-10 01:53:13,230ms,eea1c9abe2a0488897e9c0f901dee8a2,,LOCAL,/home/morris/UM/phd/code/fed_drift_data_generator/run_data_drift_experiments.py,morris,FINISHED,0.01,100,5,./results/global_drift_unused_generators_2024-01-10_01-53-12_results.pkl,10,-0.5,1000,2,10,50,5,-5,10,1,20,10,9,100,5,0.5,0.9,0.9,global_drift_unused_generators,0.01,0.001,165,0.49241026710527985,0.4636725041324616,0.46298681609173525,0.43149428923008637,0.01147254571746168,0.825
2024-01-10 01:52:58,239ms,c60b17df3b6c4a5390db0a126d09b745,,LOCAL,/home/morris/UM/phd/code/fed_drift_data_generator/run_data_drift_experiments.py,morris,FINISHED,0.01,100,5,./results/global_drift_unused_generators_2024-01-10_01-52-58_results.pkl,10,-0.5,1000,2,10,50,5,-5,10,1,20,10,9,100,5,0.5,0.5,0.9,global_drift_unused_generators,0.01,0.001,193,0.48110127542810044,0.46587396147699467,0.46809335993172496,0.44606307108217697,0.009830992606058513,0.965
2024-01-10 01:52:44,252ms,c67c02a14ae041f3a59b0373407b06c3,,LOCAL,/home/morris/UM/phd/code/fed_drift_data_generator/run_data_drift_experiments.py,morris,FINISHED,0.01,100,5,./results/global_drift_unused_generators_2024-01-10_01-52-43_results.pkl,10,-0.5,1000,2,10,50,5,-5,10,1,20,10,5,100,5,0.5,0.9,0.5,global_drift_unused_generators,0.01,0.001,176,0.48071731521208816,0.46074703610543305,0.45910996077738414,0.44105533361360594,0.010496586873188362,0.88
2024-01-10 01:52:29,234ms,ccc9f1204de7425189526a669b52d3d1,,LOCAL,/home/morris/UM/phd/code/fed_drift_data_generator/run_data_drift_experiments.py,morris,FINISHED,0.01,100,5,./results/global_drift_unused_generators_2024-01-10_01-52-29_results.pkl,10,-0.5,1000,2,10,50,5,-5,10,1,20,10,5,100,5,0.5,0.5,0.5,global_drift_unused_generators,0.01,0.001,157,0.48244467852342066,0.46463940843129914,0.4636418055807863,0.4505255009789731,0.009655353006324379,0.785
2024-01-10 01:52:15,242ms,33e17caf9534441b8fa3deaf094e182c,,LOCAL,/home/morris/UM/phd/code/fed_drift_data_generator/run_data_drift_experiments.py,morris,FINISHED,0.01,100,5,./results/global_drift_unused_generators_2024-01-10_01-52-15_results.pkl,10,-0.5,1000,2,10,50,5,-5,10,1,20,10,1,100,5,0.5,0.9,0.1,global_drift_unused_generators,0.01,0.001,121,0.4926479322657299,0.46706776004146827,0.46670581266806554,0.44667271297181105,0.011022615031590932,0.605
2024-01-10 01:52:01,229ms,6d8dbfd56b3a42d29c72bd4f45496d20,,LOCAL,/home/morris/UM/phd/code/fed_drift_data_generator/run_data_drift_experiments.py,morris,FINISHED,0.01,100,5,./results/global_drift_unused_generators_2024-01-10_01-52-01_results.pkl,10,-0.5,1000,2,10,50,5,-5,10,1,20,10,1,100,5,0.5,0.5,0.1,global_drift_unused_generators,0.01,0.001,93,0.4793294949040855,0.4634802082270587,0.461866761142979,0.452227475939455,0.006802841336365357,0.465
2024-01-10 01:51:47,225ms,4d5df5e0853c46c590699f7e78ce6ff7,,LOCAL,/home/morris/UM/phd/code/fed_drift_data_generator/run_data_drift_experiments.py,morris,FINISHED,0.01,25,5,./results/global_drift_unused_generators_2024-01-10_01-51-47_results.pkl,10,0.5,1000,2,10,50,5,-5,10,1,20,10,9,100,15,0.5,0.9,0.9,global_drift_unused_generators,0.01,0.001,200,28225.42620476184,17053.419463918784,17018.18252797202,9390.902415096507,3883.256265862626,1
2024-01-10 01:51:09,233ms,6f4d167f92044d598bac9cdabb7e6212,,LOCAL,/home/morris/UM/phd/code/fed_drift_data_generator/run_data_drift_experiments.py,morris,FINISHED,0.01,25,5,./results/global_drift_unused_generators_2024-01-10_01-51-09_results.pkl,10,0.5,1000,2,10,50,5,-5,10,1,20,10,9,100,15,0.5,0.5,0.9,global_drift_unused_generators,0.01,0.001,196,24893.362026135484,15713.067490194057,14683.570730081045,9752.874737360817,4160.46441469388,0.98
2024-01-10 01:50:32,248ms,2b61c6b7366e49ba8b664e16492f137f,,LOCAL,/home/morris/UM/phd/code/fed_drift_data_generator/run_data_drift_experiments.py,morris,FINISHED,0.01,25,5,./results/global_drift_unused_generators_2024-01-10_01-50-32_results.pkl,10,0.5,1000,2,10,50,5,-5,10,1,20,10,5,100,15,0.5,0.9,0.5,global_drift_unused_generators,0.01,0.001,189,23804.87595145339,17545.54539262705,16515.3362601268,13044.363302066713,3446.390455667793,0.945
2024-01-10 01:49:54,224ms,b441d71bb6e54b6285e13a48472a35c4,,LOCAL,/home/morris/UM/phd/code/fed_drift_data_generator/run_data_drift_experiments.py,morris,FINISHED,0.01,25,5,./results/global_drift_unused_generators_2024-01-10_01-49-54_results.pkl,10,0.5,1000,2,10,50,5,-5,10,1,20,10,5,100,15,0.5,0.5,0.5,global_drift_unused_generators,0.01,0.001,191,24387.871688452822,18070.887953693913,18010.491479467542,10975.561356371525,3262.944011404557,0.955
2024-01-10 01:49:16,224ms,8b1576ac016a42f794a1c70affbefbab,,LOCAL,/home/morris/UM/phd/code/fed_drift_data_generator/run_data_drift_experiments.py,morris,FINISHED,0.01,25,5,./results/global_drift_unused_generators_2024-01-10_01-49-16_results.pkl,10,0.5,1000,2,10,50,5,-5,10,1,20,10,1,100,15,0.5,0.9,0.1,global_drift_unused_generators,0.01,0.001,149,26520.377554974104,17188.300786918353,16823.44540402205,9759.508597711458,4788.290835395626,0.745
2024-01-10 01:48:39,257ms,31d3ce680ea34de59d17f9648b84cee7,,LOCAL,/home/morris/UM/phd/code/fed_drift_data_generator/run_data_drift_experiments.py,morris,FINISHED,0.01,25,5,./results/global_drift_unused_generators_2024-01-10_01-48-38_results.pkl,10,0.5,1000,2,10,50,5,-5,10,1,20,10,1,100,15,0.5,0.5,0.1,global_drift_unused_generators,0.01,0.001,127,27926.519179345105,18453.617167291355,17700.730723159624,11554.207203277187,3931.070243917022,0.635
2024-01-10 01:48:01,236ms,fbb8072223554d7589b292fa5842fdb1,,LOCAL,/home/morris/UM/phd/code/fed_drift_data_generator/run_data_drift_experiments.py,morris,FINISHED,0.01,25,5,./results/global_drift_unused_generators_2024-01-10_01-48-01_results.pkl,10,0.0,1000,2,10,50,5,-5,10,1,20,10,9,100,10,0.5,0.9,0.9,global_drift_unused_generators,0.01,0.001,166,0.23931245792867312,0.2222872280652523,0.22200367314526911,0.21252221056745574,0.007591070774888291,0.83
2024-01-10 01:47:46,248ms,dfbf6de19dd540a292867beefd42a4c0,,LOCAL,/home/morris/UM/phd/code/fed_drift_data_generator/run_data_drift_experiments.py,morris,FINISHED,0.01,25,5,./results/global_drift_unused_generators_2024-01-10_01-47-46_results.pkl,10,0.0,1000,2,10,50,5,-5,10,1,20,10,9,100,10,0.5,0.5,0.9,global_drift_unused_generators,0.01,0.001,200,0.2522616051062617,0.22558326307815219,0.2253925006893994,0.21067734005856167,0.009184975114029567,1
2024-01-10 01:47:31,224ms,3cc598b70e714031b0bbb88dd810d4fc,,LOCAL,/home/morris/UM/phd/code/fed_drift_data_generator/run_data_drift_experiments.py,morris,FINISHED,0.01,25,5,./results/global_drift_unused_generators_2024-01-10_01-47-31_results.pkl,10,0.0,1000,2,10,50,5,-5,10,1,20,10,5,100,10,0.5,0.9,0.5,global_drift_unused_generators,0.01,0.001,200,0.24519288356251367,0.22275792678133213,0.2211212972085063,0.2116553156316133,0.007721426728302447,1
2024-01-10 01:47:16,224ms,00952f1fa2654df3ab3bc315e4beadcb,,LOCAL,/home/morris/UM/phd/code/fed_drift_data_generator/run_data_drift_experiments.py,morris,FINISHED,0.01,25,5,./results/global_drift_unused_generators_2024-01-10_01-47-16_results.pkl,10,0.0,1000,2,10,50,5,-5,10,1,20,10,5,100,10,0.5,0.5,0.5,global_drift_unused_generators,0.01,0.001,200,0.23745678941489606,0.22240286008261964,0.22156022070364875,0.20899444281908877,0.007637119517780997,1
2024-01-10 01:47:01,225ms,84908af3b91846ccb34d03397a950545,,LOCAL,/home/morris/UM/phd/code/fed_drift_data_generator/run_data_drift_experiments.py,morris,FINISHED,0.01,25,5,./results/global_drift_unused_generators_2024-01-10_01-47-01_results.pkl,10,0.0,1000,2,10,50,5,-5,10,1,20,10,1,100,10,0.5,0.9,0.1,global_drift_unused_generators,0.01,0.001,200,0.23898204945765866,0.2228716977237101,0.22217255457566998,0.2140732097999442,0.006851613707870107,1
2024-01-10 01:46:46,228ms,46fae7b35e6e4ff28e491fdb13c482b8,,LOCAL,/home/morris/UM/phd/code/fed_drift_data_generator/run_data_drift_experiments.py,morris,FINISHED,0.01,25,5,./results/global_drift_unused_generators_2024-01-10_01-46-46_results.pkl,10,0.0,1000,2,10,50,5,-5,10,1,20,10,1,100,10,0.5,0.5,0.1,global_drift_unused_generators,0.01,0.001,173,0.2397137240569948,0.2229141867563654,0.22254257247611883,0.21283879034743433,0.007063451290613145,0.865
2024-01-10 01:46:30,226ms,d049ede55c5243c198f925c3f4be759b,,LOCAL,/home/morris/UM/phd/code/fed_drift_data_generator/run_data_drift_experiments.py,morris,FINISHED,0.01,25,5,./results/global_drift_unused_generators_2024-01-10_01-46-30_results.pkl,10,-0.5,1000,2,10,50,5,-5,10,1,20,10,9,100,5,0.5,0.9,0.9,global_drift_unused_generators,0.01,0.001,173,0.48275239610836784,0.45554972075612044,0.4516789034435956,0.4405161344861333,0.011545102431080145,0.865
2024-01-10 01:46:25,224ms,6c0f8e2ddc0e46b78f02edc42197626a,,LOCAL,/home/morris/UM/phd/code/fed_drift_data_generator/run_data_drift_experiments.py,morris,FINISHED,0.01,25,5,./results/global_drift_unused_generators_2024-01-10_01-46-25_results.pkl,10,-0.5,1000,2,10,50,5,-5,10,1,20,10,9,100,5,0.5,0.5,0.9,global_drift_unused_generators,0.01,0.001,176,0.46828862585064834,0.4548308276616687,0.4582337073409949,0.4403770810622726,0.009019730643455928,0.88
2024-01-10 01:46:20,225ms,c52df0232a2441598a1fe5fc5e9f6be0,,LOCAL,/home/morris/UM/phd/code/fed_drift_data_generator/run_data_drift_experiments.py,morris,FINISHED,0.01,25,5,./results/global_drift_unused_generators_2024-01-10_01-46-20_results.pkl,10,-0.5,1000,2,10,50,5,-5,10,1,20,10,5,100,5,0.5,0.9,0.5,global_drift_unused_generators,0.01,0.001,168,0.4843977859512159,0.4507981583506974,0.44774196928920196,0.43037511075994883,0.012061194171902111,0.84
2024-01-10 01:46:14,233ms,7be3b641ff154416a4d7cbb7d23573e6,,LOCAL,/home/morris/UM/phd/code/fed_drift_data_generator/run_data_drift_experiments.py,morris,FINISHED,0.01,25,5,./results/global_drift_unused_generators_2024-01-10_01-46-14_results.pkl,10,-0.5,1000,2,10,50,5,-5,10,1,20,10,5,100,5,0.5,0.5,0.5,global_drift_unused_generators,0.01,0.001,165,0.4839523575678354,0.4505528834096242,0.4487493877231397,0.42414372036716613,0.012820821567061439,0.825
2024-01-10 01:46:09,237ms,c34f54202267413cbf138d1a121270ac,,LOCAL,/home/morris/UM/phd/code/fed_drift_data_generator/run_data_drift_experiments.py,morris,FINISHED,0.01,25,5,./results/global_drift_unused_generators_2024-01-10_01-46-09_results.pkl,10,-0.5,1000,2,10,50,5,-5,10,1,20,10,1,100,5,0.5,0.9,0.1,global_drift_unused_generators,0.01,0.001,119,0.483504586904663,0.4509187791600979,0.45332794394963444,0.42099825530112456,0.01674202888867707,0.595
2024-01-10 01:46:03,245ms,eba2ebbd3cfa4e208728551b72fbd7cf,,LOCAL,/home/morris/UM/phd/code/fed_drift_data_generator/run_data_drift_experiments.py,morris,FINISHED,0.01,25,5,./results/global_drift_unused_generators_2024-01-10_01-46-03_results.pkl,10,-0.5,1000,2,10,50,5,-5,10,1,20,10,1,100,5,0.5,0.5,0.1,global_drift_unused_generators,0.01,0.001,76,0.4726220654661904,0.4462365402043769,0.44533991519927707,0.420516775545261,0.013476814604901199,0.38
2024-01-10 01:45:58,244ms,39aaa2c7e7464cd3a297113b9d15dd72,,LOCAL,/home/morris/UM/phd/code/fed_drift_data_generator/run_data_drift_experiments.py,morris,FINISHED,0.01,2,5,./results/global_drift_unused_generators_2024-01-10_01-45-58_results.pkl,10,0.5,1000,2,10,50,5,-5,10,1,20,10,9,100,15,0.5,0.9,0.9,global_drift_unused_generators,0.01,0.001,200,0.5597793671621648,0.459286736895428,0.463747011907867,0.3832373066573385,0.05228524146403183,1
2024-01-10 01:37:53,244ms,8ef5a7ed221145ce8f91317188f0893e,,LOCAL,/home/morris/UM/phd/code/fed_drift_data_generator/run_data_drift_experiments.py,morris,FINISHED,0.01,2,5,./results/global_drift_unused_generators_2024-01-10_01-37-53_results.pkl,10,0.5,1000,2,10,50,5,-5,10,1,20,10,9,100,15,0.5,0.5,0.9,global_drift_unused_generators,0.01,0.001,196,0.5935295863349608,0.45923705212164323,0.4569571751996697,0.3773610418558252,0.056726752683376076,0.98
2024-01-10 01:29:56,243ms,4955f52fe4174c63982fa4f983b24861,,LOCAL,/home/morris/UM/phd/code/fed_drift_data_generator/run_data_drift_experiments.py,morris,FINISHED,0.01,2,5,./results/global_drift_unused_generators_2024-01-10_01-29-56_results.pkl,10,0.5,1000,2,10,50,5,-5,10,1,20,10,5,100,15,0.5,0.9,0.5,global_drift_unused_generators,0.01,0.001,186,0.5554279243099234,0.4503995642521943,0.46460763740292865,0.3693943061961944,0.049546457527813684,0.93
2024-01-10 01:21:48,242ms,235a1356406443ffb25eeffd0548e63b,,LOCAL,/home/morris/UM/phd/code/fed_drift_data_generator/run_data_drift_experiments.py,morris,FINISHED,0.01,2,5,./results/global_drift_unused_generators_2024-01-10_01-21-48_results.pkl,10,0.5,1000,2,10,50,5,-5,10,1,20,10,5,100,15,0.5,0.5,0.5,global_drift_unused_generators,0.01,0.001,181,0.5728463604451348,0.45020743089856746,0.44987961274108845,0.3353584711477111,0.056393995818564024,0.905
2024-01-10 01:13:39,243ms,2312b255e2a14cc6b179f37a411d9497,,LOCAL,/home/morris/UM/phd/code/fed_drift_data_generator/run_data_drift_experiments.py,morris,FINISHED,0.01,2,5,./results/global_drift_unused_generators_2024-01-10_01-13-39_results.pkl,10,0.5,1000,2,10,50,5,-5,10,1,20,10,1,100,15,0.5,0.9,0.1,global_drift_unused_generators,0.01,0.001,150,0.555681337081905,0.4493562643367571,0.454043145065071,0.3408750097575661,0.04593730842270932,0.75
2024-01-10 01:05:32,233ms,6a7a06b0d89444d9872b21760aae69da,,LOCAL,/home/morris/UM/phd/code/fed_drift_data_generator/run_data_drift_experiments.py,morris,FINISHED,0.01,2,5,./results/global_drift_unused_generators_2024-01-10_01-05-32_results.pkl,10,0.5,1000,2,10,50,5,-5,10,1,20,10,1,100,15,0.5,0.5,0.1,global_drift_unused_generators,0.01,0.001,142,0.5910975349340936,0.4450768406571573,0.43892863861330533,0.334906517418444,0.056218438326752974,0.71
2024-01-10 00:57:02,259ms,0eca98bf014c492ea5f977dbfa1e73c2,,LOCAL,/home/morris/UM/phd/code/fed_drift_data_generator/run_data_drift_experiments.py,morris,FINISHED,0.01,2,5,./results/global_drift_unused_generators_2024-01-10_00-57-02_results.pkl,10,0.0,1000,2,10,50,5,-5,10,1,20,10,9,100,10,0.5,0.9,0.9,global_drift_unused_generators,0.01,0.001,200,0.6886679081834288,0.5066736455583956,0.49813980450524814,0.40144283861541374,0.06393259004251428,1
2024-01-10 00:54:20,237ms,f56c846d098746f88f0942ab0b62a0aa,,LOCAL,/home/morris/UM/phd/code/fed_drift_data_generator/run_data_drift_experiments.py,morris,FINISHED,0.01,2,5,./results/global_drift_unused_generators_2024-01-10_00-54-20_results.pkl,10,0.0,1000,2,10,50,5,-5,10,1,20,10,9,100,10,0.5,0.5,0.9,global_drift_unused_generators,0.01,0.001,198,0.6750291118174425,0.5427395120432429,0.5389923725509,0.42075178459477947,0.07636708588737151,0.99
2024-01-10 00:51:43,236ms,ffdebc32c3ec40afbb0299f82f6afd92,,LOCAL,/home/morris/UM/phd/code/fed_drift_data_generator/run_data_drift_experiments.py,morris,FINISHED,0.01,2,5,./results/global_drift_unused_generators_2024-01-10_00-51-43_results.pkl,10,0.0,1000,2,10,50,5,-5,10,1,20,10,5,100,10,0.5,0.9,0.5,global_drift_unused_generators,0.01,0.001,190,0.7837366302879094,0.5189327200928728,0.48873158458331706,0.37454028847700876,0.09958436387059597,0.95
2024-01-10 00:49:13,247ms,a0a9ed129ee54d158a17f4eb2d2f0530,,LOCAL,/home/morris/UM/phd/code/fed_drift_data_generator/run_data_drift_experiments.py,morris,FINISHED,0.01,2,5,./results/global_drift_unused_generators_2024-01-10_00-49-13_results.pkl,10,0.0,1000,2,10,50,5,-5,10,1,20,10,5,100,10,0.5,0.5,0.5,global_drift_unused_generators,0.01,0.001,182,0.6643507486977132,0.5442223357981748,0.5489142961528378,0.40277480346975114,0.06234666219316616,0.91
2024-01-10 00:46:27,235ms,5231ce0987e4470e808cfb0e07b803c9,,LOCAL,/home/morris/UM/phd/code/fed_drift_data_generator/run_data_drift_experiments.py,morris,FINISHED,0.01,2,5,./results/global_drift_unused_generators_2024-01-10_00-46-27_results.pkl,10,0.0,1000,2,10,50,5,-5,10,1,20,10,1,100,10,0.5,0.9,0.1,global_drift_unused_generators,0.01,0.001,159,0.613532749557812,0.5131512563528211,0.4971466984322265,0.43718659833732965,0.046498714146429365,0.795
2024-01-10 00:43:43,248ms,9704876e36e14b368efe4b6ec57080a9,,LOCAL,/home/morris/UM/phd/code/fed_drift_data_generator/run_data_drift_experiments.py,morris,FINISHED,0.01,2,5,./results/global_drift_unused_generators_2024-01-10_00-43-43_results.pkl,10,0.0,1000,2,10,50,5,-5,10,1,20,10,1,100,10,0.5,0.5,0.1,global_drift_unused_generators,0.01,0.001,136,0.8482516104216888,0.5159562780600503,0.49115602139136105,0.36148832366440764,0.10455193490368747,0.68
2024-01-10 00:40:53,238ms,2b3617bbe5754090acc0c4b894585a04,,LOCAL,/home/morris/UM/phd/code/fed_drift_data_generator/run_data_drift_experiments.py,morris,FINISHED,0.01,2,5,./results/global_drift_unused_generators_2024-01-10_00-40-53_results.pkl,10,-0.5,1000,2,10,50,5,-5,10,1,20,10,9,100,5,0.5,0.9,0.9,global_drift_unused_generators,0.01,0.001,200,0.7852993272915256,0.5408210758850284,0.5012749553916147,0.45626803669026056,0.08835966553913532,1
2024-01-10 00:40:29,237ms,4663f11af0394ba88a61a101769f39e3,,LOCAL,/home/morris/UM/phd/code/fed_drift_data_generator/run_data_drift_experiments.py,morris,FINISHED,0.01,2,5,./results/global_drift_unused_generators_2024-01-10_00-40-29_results.pkl,10,-0.5,1000,2,10,50,5,-5,10,1,20,10,9,100,5,0.5,0.5,0.9,global_drift_unused_generators,0.01,0.001,198,0.654905739346838,0.5222660160983608,0.5102285194293328,0.44222395676185844,0.056529179838322216,0.99
2024-01-10 00:40:01,249ms,3f681cf8d67044d885559bfb46a918f4,,LOCAL,/home/morris/UM/phd/code/fed_drift_data_generator/run_data_drift_experiments.py,morris,FINISHED,0.01,2,5,./results/global_drift_unused_generators_2024-01-10_00-40-01_results.pkl,10,-0.5,1000,2,10,50,5,-5,10,1,20,10,5,100,5,0.5,0.9,0.5,global_drift_unused_generators,0.01,0.001,181,0.6312137274960741,0.5122111600953617,0.5068035076914879,0.4401831460776939,0.04777174262395182,0.905
2024-01-10 00:39:36,268ms,eb864add1cde4baf8ffc986d7266130e,,LOCAL,/home/morris/UM/phd/code/fed_drift_data_generator/run_data_drift_experiments.py,morris,FINISHED,0.01,2,5,./results/global_drift_unused_generators_2024-01-10_00-39-36_results.pkl,10,-0.5,1000,2,10,50,5,-5,10,1,20,10,5,100,5,0.5,0.5,0.5,global_drift_unused_generators,0.01,0.001,169,0.6277800266455964,0.520259658002551,0.5129336433174237,0.4620630459230208,0.046587700942236014,0.845
2024-01-10 00:39:12,267ms,685dddd0339048f2a2d8cc88bd79aa7a,,LOCAL,/home/morris/UM/phd/code/fed_drift_data_generator/run_data_drift_experiments.py,morris,FINISHED,0.01,2,5,./results/global_drift_unused_generators_2024-01-10_00-39-12_results.pkl,10,-0.5,1000,2,10,50,5,-5,10,1,20,10,1,100,5,0.5,0.9,0.1,global_drift_unused_generators,0.01,0.001,120,0.7883670227449278,0.5554871730496148,0.5425214831427632,0.46341953147148623,0.0692383622789956,0.6
2024-01-10 00:38:43,243ms,98ac206fb5e94e59b256d4069e7f69e3,,LOCAL,/home/morris/UM/phd/code/fed_drift_data_generator/run_data_drift_experiments.py,morris,FINISHED,0.01,2,5,./results/global_drift_unused_generators_2024-01-10_00-38-43_results.pkl,10,-0.5,1000,2,10,50,5,-5,10,1,20,10,1,100,5,0.5,0.5,0.1,global_drift_unused_generators,0.01,0.001,110,0.5989408388286829,0.5219380144682038,0.5156925855984783,0.4466338577038716,0.04217950887279647,0.55
2024-01-09 23:11:36,244ms,c41ed0816ba7481fb8a8872990e74a32,,LOCAL,/home/morris/UM/phd/code/fed_drift_data_generator/run_data_drift_experiments.py,morris,FINISHED,0.05,512,5,./results/global_drift_unused_generators_2024-01-09_23-11-35_results.pkl,10,0.0,1000,2,10,50,5,-5,10,1,20,10,9,100,10,0.5,0.9,0.9,global_drift_unused_generators,0.01,0.001,200,0.19409615163718685,0.19252054745658048,0.19247542723210603,0.19071817357131163,0.0008138073727746612,1
2024-01-09 23:05:10,236ms,19195c507d2642fb93044e8399c1b943,,LOCAL,/home/morris/UM/phd/code/fed_drift_data_generator/run_data_drift_experiments.py,morris,FINISHED,0.05,512,5,./results/global_drift_unused_generators_2024-01-09_23-05-09_results.pkl,10,0.0,1000,2,10,50,5,-5,10,1,20,10,9,100,10,0.5,0.5,0.9,global_drift_unused_generators,0.01,0.001,200,0.19378924638631428,0.1923105349016037,0.1922687893143415,0.1910514287161813,0.0007721594496390851,1
2024-01-09 22:58:55,230ms,fd5b85badad941558339d06b84bd1a6f,,LOCAL,/home/morris/UM/phd/code/fed_drift_data_generator/run_data_drift_experiments.py,morris,FINISHED,0.05,512,5,./results/global_drift_unused_generators_2024-01-09_22-58-54_results.pkl,10,0.0,1000,2,10,50,5,-5,10,1,20,10,5,100,10,0.5,0.9,0.5,global_drift_unused_generators,0.01,0.001,200,0.1955226151683026,0.19277980639616316,0.19268619589104957,0.19141896056908264,0.0008886254625424565,1
2024-01-09 22:52:17,268ms,4ea17c7d1f774e1194eb7a063dd1d665,,LOCAL,/home/morris/UM/phd/code/fed_drift_data_generator/run_data_drift_experiments.py,morris,FINISHED,0.05,512,5,./results/global_drift_unused_generators_2024-01-09_22-52-16_results.pkl,10,0.0,1000,2,10,50,5,-5,10,1,20,10,5,100,10,0.5,0.5,0.5,global_drift_unused_generators,0.01,0.001,200,0.1943591572895811,0.19256702287259042,0.19245103592510845,0.19152382069827517,0.0007839706800872323,1
2024-01-09 22:45:48,233ms,b2e08f19b32a49cda5a7f543a345d729,,LOCAL,/home/morris/UM/phd/code/fed_drift_data_generator/run_data_drift_experiments.py,morris,FINISHED,0.05,512,5,./results/global_drift_unused_generators_2024-01-09_22-45-47_results.pkl,10,0.0,1000,2,10,50,5,-5,10,1,20,10,1,100,10,0.5,0.9,0.1,global_drift_unused_generators,0.01,0.001,200,0.19470051661636906,0.19244934412924847,0.19248850780770627,0.19038627489256676,0.0011334131266033287,1
2024-01-09 22:39:21,337ms,b54baf79c9d94595b031114237280969,,LOCAL,/home/morris/UM/phd/code/fed_drift_data_generator/run_data_drift_experiments.py,morris,FINISHED,0.05,512,5,./results/global_drift_unused_generators_2024-01-09_22-39-20_results.pkl,10,0.0,1000,2,10,50,5,-5,10,1,20,10,1,100,10,0.5,0.5,0.1,global_drift_unused_generators,0.01,0.001,200,0.1947329235373571,0.19269445978020916,0.19260410990449675,0.19150201952862056,0.0008195700782449454,1
2024-01-09 22:32:35,227ms,7d8e68719cd24470aae75e8230c67751,,LOCAL,/home/morris/UM/phd/code/fed_drift_data_generator/run_data_drift_experiments.py,morris,FINISHED,0.05,256,5,./results/global_drift_unused_generators_2024-01-09_22-32-35_results.pkl,10,0.0,1000,2,10,50,5,-5,10,1,20,10,9,100,10,0.5,0.9,0.9,global_drift_unused_generators,0.01,0.001,200,0.19934372571310874,0.1955488925004561,0.19541323547945672,0.19281665560227862,0.001872451013130034,1
2024-01-09 22:31:08,248ms,b7bb38a6d0054260a36c32acd6528c04,,LOCAL,/home/morris/UM/phd/code/fed_drift_data_generator/run_data_drift_experiments.py,morris,FINISHED,0.05,256,5,./results/global_drift_unused_generators_2024-01-09_22-31-07_results.pkl,10,0.0,1000,2,10,50,5,-5,10,1,20,10,9,100,10,0.5,0.5,0.9,global_drift_unused_generators,0.01,0.001,200,0.19706305144830644,0.19500275105114212,0.1948059400995047,0.19276145183385462,0.0011807557099002312,1
2024-01-09 22:29:42,224ms,a516ac832d4c4e42aab1768e91b13820,,LOCAL,/home/morris/UM/phd/code/fed_drift_data_generator/run_data_drift_experiments.py,morris,FINISHED,0.05,256,5,./results/global_drift_unused_generators_2024-01-09_22-29-42_results.pkl,10,0.0,1000,2,10,50,5,-5,10,1,20,10,5,100,10,0.5,0.9,0.5,global_drift_unused_generators,0.01,0.001,200,0.1987533428578638,0.19552700581774346,0.19546792012935815,0.19295671799584374,0.0014122985235753586,1
2024-01-09 22:28:18,230ms,a1cb1ad9ccda40f7961ada6e73c35fd9,,LOCAL,/home/morris/UM/phd/code/fed_drift_data_generator/run_data_drift_experiments.py,morris,FINISHED,0.05,256,5,./results/global_drift_unused_generators_2024-01-09_22-28-17_results.pkl,10,0.0,1000,2,10,50,5,-5,10,1,20,10,5,100,10,0.5,0.5,0.5,global_drift_unused_generators,0.01,0.001,200,0.1989949568429802,0.19566149003973005,0.195605365969779,0.19289703908828415,0.0014956495590864143,1
2024-01-09 22:26:50,233ms,2e0cedf2efd643ed9eaf457f228b31ae,,LOCAL,/home/morris/UM/phd/code/fed_drift_data_generator/run_data_drift_experiments.py,morris,FINISHED,0.05,256,5,./results/global_drift_unused_generators_2024-01-09_22-26-50_results.pkl,10,0.0,1000,2,10,50,5,-5,10,1,20,10,1,100,10,0.5,0.9,0.1,global_drift_unused_generators,0.01,0.001,200,0.1989056376695904,0.19601847172709383,0.19604559331687765,0.19272432801164135,0.0015717890728520476,1
2024-01-09 22:25:18,239ms,a12ec3d80344430a9e344cf0e83d22ca,,LOCAL,/home/morris/UM/phd/code/fed_drift_data_generator/run_data_drift_experiments.py,morris,FINISHED,0.05,256,5,./results/global_drift_unused_generators_2024-01-09_22-25-16_results.pkl,10,0.0,1000,2,10,50,5,-5,10,1,20,10,1,100,10,0.5,0.5,0.1,global_drift_unused_generators,0.01,0.001,200,0.1990977952275735,0.19550894022460844,0.19529483969137168,0.19317347522728362,0.0013277284280127362,1
2024-01-08 06:11:05,225ms,3fd7f41514d04ad3a62a16705c807ed3,,LOCAL,/home/morris/UM/phd/code/fed_drift_data_generator/run_data_drift_experiments.py,morris,FINISHED,0.05,100,5,./results/global_drift_unused_generators_2024-01-08_06-11-05_results.pkl,10,0.5,1000,2,10,50,5,-5,10,1,20,10,9,100,15,0.5,1.0,0.9,global_drift_unused_generators,0.01,0.001,200,43835.32109251053,34898.6294614215,34139.16081190828,28593.815078350166,3560.593208464288,1
2024-01-08 06:10:18,234ms,c9438e03c8714a988515f6e6616094e5,,LOCAL,/home/morris/UM/phd/code/fed_drift_data_generator/run_data_drift_experiments.py,morris,FINISHED,0.05,100,5,./results/global_drift_unused_generators_2024-01-08_06-10-17_results.pkl,10,0.5,1000,2,10,50,5,-5,10,1,20,10,9,100,15,0.5,0.9,0.9,global_drift_unused_generators,0.01,0.001,200,45954.79899059227,35319.709367872245,35424.07913436211,28016.718942612926,4704.103932408331,1
2024-01-08 06:09:29,241ms,da61c94acc80482b9b94f2e0e23408ab,,LOCAL,/home/morris/UM/phd/code/fed_drift_data_generator/run_data_drift_experiments.py,morris,FINISHED,0.05,100,5,./results/global_drift_unused_generators_2024-01-08_06-09-28_results.pkl,10,0.5,1000,2,10,50,5,-5,10,1,20,10,9,100,15,0.5,0.5,0.9,global_drift_unused_generators,0.01,0.001,133,39760.39185627154,34246.911047659574,36405.55182770665,21027.86909485072,5194.778863324902,0.665
2024-01-08 06:08:40,231ms,bb5d235c773946ab9469ec7a95525143,,LOCAL,/home/morris/UM/phd/code/fed_drift_data_generator/run_data_drift_experiments.py,morris,FINISHED,0.05,100,5,./results/global_drift_unused_generators_2024-01-08_06-08-40_results.pkl,10,0.5,1000,2,10,50,5,-5,10,1,20,10,9,100,15,0.5,0.1,0.9,global_drift_unused_generators,0.01,0.001,134,43241.746803197035,36273.586103882175,36804.24467669659,27743.08561752868,3832.6414196763453,0.67
2024-01-08 06:07:50,225ms,5b7d4dbe1aed4efcafedda1061fcbc8c,,LOCAL,/home/morris/UM/phd/code/fed_drift_data_generator/run_data_drift_experiments.py,morris,FINISHED,0.05,100,5,./results/global_drift_unused_generators_2024-01-08_06-07-50_results.pkl,10,0.5,1000,2,10,50,5,-5,10,1,20,10,5,100,15,0.5,1.0,0.5,global_drift_unused_generators,0.01,0.001,163,43277.365547570895,35051.52302443869,36695.92699429429,20466.52245687849,5274.589550770674,0.815
2024-01-08 06:07:03,224ms,c20a3f1eff0a49b390a26119f5a08df4,,LOCAL,/home/morris/UM/phd/code/fed_drift_data_generator/run_data_drift_experiments.py,morris,FINISHED,0.05,100,5,./results/global_drift_unused_generators_2024-01-08_06-07-03_results.pkl,10,0.5,1000,2,10,50,5,-5,10,1,20,10,5,100,15,0.5,0.9,0.5,global_drift_unused_generators,0.01,0.001,163,48408.48524968106,35852.340832079164,36815.9707704623,27825.92307313449,4259.106568530446,0.815
2024-01-08 06:06:14,234ms,8abb3f83f0234f67801f1cbfb1de6d28,,LOCAL,/home/morris/UM/phd/code/fed_drift_data_generator/run_data_drift_experiments.py,morris,FINISHED,0.05,100,5,./results/global_drift_unused_generators_2024-01-08_06-06-14_results.pkl,10,0.5,1000,2,10,50,5,-5,10,1,20,10,5,100,15,0.5,0.5,0.5,global_drift_unused_generators,0.01,0.001,136,41622.91265946913,36190.16364931636,35822.47642320981,27714.676292615535,2917.994913355572,0.68
2024-01-08 06:05:25,220ms,f31bbb7dfee4432799dc0c9d3166f15d,,LOCAL,/home/morris/UM/phd/code/fed_drift_data_generator/run_data_drift_experiments.py,morris,FINISHED,0.05,100,5,./results/global_drift_unused_generators_2024-01-08_06-05-25_results.pkl,10,0.5,1000,2,10,50,5,-5,10,1,20,10,5,100,15,0.5,0.1,0.5,global_drift_unused_generators,0.01,0.001,5,40766.35274528826,35219.71239828138,35986.37585606225,27290.593969585072,3906.4118126529397,0.025
2024-01-08 06:04:37,248ms,1f3bfa4617654227b2d3bdd0c5d202fb,,LOCAL,/home/morris/UM/phd/code/fed_drift_data_generator/run_data_drift_experiments.py,morris,FINISHED,0.05,100,5,./results/global_drift_unused_generators_2024-01-08_06-04-37_results.pkl,10,0.5,1000,2,10,50,5,-5,10,1,20,10,1,100,15,0.5,1.0,0.1,global_drift_unused_generators,0.01,0.001,118,40826.53623812537,34827.84509168321,35254.371445147466,27213.314178453573,4075.3218410974223,0.59
2024-01-08 06:03:50,223ms,4be553dd03b54d1db149472484cfa624,,LOCAL,/home/morris/UM/phd/code/fed_drift_data_generator/run_data_drift_experiments.py,morris,FINISHED,0.05,100,5,./results/global_drift_unused_generators_2024-01-08_06-03-50_results.pkl,10,0.5,1000,2,10,50,5,-5,10,1,20,10,1,100,15,0.5,0.9,0.1,global_drift_unused_generators,0.01,0.001,114,45507.50438747716,34520.38776477885,35574.546432518546,18760.410418747215,5677.280025461478,0.57
2024-01-08 06:03:01,240ms,dc96fe79dce44bc2818ca2108a78533f,,LOCAL,/home/morris/UM/phd/code/fed_drift_data_generator/run_data_drift_experiments.py,morris,FINISHED,0.05,100,5,./results/global_drift_unused_generators_2024-01-08_06-03-01_results.pkl,10,0.5,1000,2,10,50,5,-5,10,1,20,10,1,100,15,0.5,0.5,0.1,global_drift_unused_generators,0.01,0.001,85,42102.79135194616,34516.72679219075,34794.738942644384,26397.966101156733,4302.414457625395,0.425
2024-01-08 06:02:13,231ms,17245486d6a84440b0f9bcb0a0685a34,,LOCAL,/home/morris/UM/phd/code/fed_drift_data_generator/run_data_drift_experiments.py,morris,FINISHED,0.05,100,5,./results/global_drift_unused_generators_2024-01-08_06-02-12_results.pkl,10,0.5,1000,2,10,50,5,-5,10,1,20,10,1,100,15,0.5,0.1,0.1,global_drift_unused_generators,0.01,0.001,0,41938.23644315857,34578.11670514961,35492.834993911885,26728.525966447873,4276.902737320093,0
2024-01-08 06:01:24,225ms,a51011f8d7774f1095b548a31d80bc43,,LOCAL,/home/morris/UM/phd/code/fed_drift_data_generator/run_data_drift_experiments.py,morris,FINISHED,0.05,100,5,./results/global_drift_unused_generators_2024-01-08_06-01-24_results.pkl,10,0.0,1000,2,10,50,5,-5,10,1,20,10,9,100,10,0.5,1.0,0.9,global_drift_unused_generators,0.01,0.001,200,0.2060063218434261,0.20154664280086512,0.20137074053395437,0.1974006179568723,0.002312204154417974,1
2024-01-08 06:00:59,227ms,b2729e4153ac4bcfbb8aaf7190e1bc82,,LOCAL,/home/morris/UM/phd/code/fed_drift_data_generator/run_data_drift_experiments.py,morris,FINISHED,0.05,100,5,./results/global_drift_unused_generators_2024-01-08_06-00-59_results.pkl,10,0.0,1000,2,10,50,5,-5,10,1,20,10,9,100,10,0.5,0.9,0.9,global_drift_unused_generators,0.01,0.001,131,0.2079328561618457,0.20212467185311705,0.20188350248956505,0.19791770669901787,0.0025958328759626953,0.655
2024-01-08 06:00:32,224ms,6895ea660de84131a68d234c7cb7a785,,LOCAL,/home/morris/UM/phd/code/fed_drift_data_generator/run_data_drift_experiments.py,morris,FINISHED,0.05,100,5,./results/global_drift_unused_generators_2024-01-08_06-00-32_results.pkl,10,0.0,1000,2,10,50,5,-5,10,1,20,10,9,100,10,0.5,0.5,0.9,global_drift_unused_generators,0.01,0.001,200,0.20784253957526594,0.20053768309099587,0.20050583927118326,0.19536744332371522,0.0027299805664147553,1
2024-01-08 06:00:04,222ms,68feb43d4ead48b584756b87ce5083f8,,LOCAL,/home/morris/UM/phd/code/fed_drift_data_generator/run_data_drift_experiments.py,morris,FINISHED,0.05,100,5,./results/global_drift_unused_generators_2024-01-08_06-00-04_results.pkl,10,0.0,1000,2,10,50,5,-5,10,1,20,10,9,100,10,0.5,0.1,0.9,global_drift_unused_generators,0.01,0.001,200,0.20795440476480778,0.20148993801790413,0.20095782556429012,0.19688672843936295,0.0027521060178034066,1
2024-01-08 05:59:37,223ms,ad9c52ddc5d149db9324ec1acefad283,,LOCAL,/home/morris/UM/phd/code/fed_drift_data_generator/run_data_drift_experiments.py,morris,FINISHED,0.05,100,5,./results/global_drift_unused_generators_2024-01-08_05-59-37_results.pkl,10,0.0,1000,2,10,50,5,-5,10,1,20,10,5,100,10,0.5,1.0,0.5,global_drift_unused_generators,0.01,0.001,200,0.20650229827686367,0.2015657830453172,0.20170760893254996,0.1968629952365681,0.0025623525655690594,1
2024-01-08 05:59:13,220ms,1c94f7ab43184593b0658f5ed82bb6fb,,LOCAL,/home/morris/UM/phd/code/fed_drift_data_generator/run_data_drift_experiments.py,morris,FINISHED,0.05,100,5,./results/global_drift_unused_generators_2024-01-08_05-59-12_results.pkl,10,0.0,1000,2,10,50,5,-5,10,1,20,10,5,100,10,0.5,0.9,0.5,global_drift_unused_generators,0.01,0.001,200,0.20728053730451376,0.2018162478117143,0.20149154070466957,0.19700938584202687,0.002222422896705331,1
2024-01-08 05:58:45,223ms,7f19c7a7374f44779e51e620c4cb0a10,,LOCAL,/home/morris/UM/phd/code/fed_drift_data_generator/run_data_drift_experiments.py,morris,FINISHED,0.05,100,5,./results/global_drift_unused_generators_2024-01-08_05-58-45_results.pkl,10,0.0,1000,2,10,50,5,-5,10,1,20,10,5,100,10,0.5,0.5,0.5,global_drift_unused_generators,0.01,0.001,200,0.20648951251090558,0.20122414297087582,0.20092301623672434,0.19646227479314043,0.002418111958493776,1
2024-01-08 05:58:18,224ms,056239e7b3194698881c4ea18b91d0ca,,LOCAL,/home/morris/UM/phd/code/fed_drift_data_generator/run_data_drift_experiments.py,morris,FINISHED,0.05,100,5,./results/global_drift_unused_generators_2024-01-08_05-58-18_results.pkl,10,0.0,1000,2,10,50,5,-5,10,1,20,10,5,100,10,0.5,0.1,0.5,global_drift_unused_generators,0.01,0.001,19,0.20415320205299298,0.20162704432729445,0.20170178857855736,0.1994947662658233,0.0012985680636482878,0.095
2024-01-08 05:57:52,220ms,d219f27e2614401d8f673c408f256e80,,LOCAL,/home/morris/UM/phd/code/fed_drift_data_generator/run_data_drift_experiments.py,morris,FINISHED,0.05,100,5,./results/global_drift_unused_generators_2024-01-08_05-57-52_results.pkl,10,0.0,1000,2,10,50,5,-5,10,1,20,10,1,100,10,0.5,1.0,0.1,global_drift_unused_generators,0.01,0.001,200,0.20679872283563894,0.20247490947727825,0.20203557872301728,0.19977208185859233,0.0017991524116508426,1
2024-01-08 05:57:27,221ms,0f7fac05688848b9a67a59df2f89d685,,LOCAL,/home/morris/UM/phd/code/fed_drift_data_generator/run_data_drift_experiments.py,morris,FINISHED,0.05,100,5,./results/global_drift_unused_generators_2024-01-08_05-57-27_results.pkl,10,0.0,1000,2,10,50,5,-5,10,1,20,10,1,100,10,0.5,0.9,0.1,global_drift_unused_generators,0.01,0.001,200,0.20491822352765263,0.20172184912417382,0.20191496757427851,0.1981466426473564,0.0020631747354709126,1
2024-01-08 05:57:00,238ms,73c85a9cb7f94d5b9e61c26ddb3f95c9,,LOCAL,/home/morris/UM/phd/code/fed_drift_data_generator/run_data_drift_experiments.py,morris,FINISHED,0.05,100,5,./results/global_drift_unused_generators_2024-01-08_05-56-59_results.pkl,10,0.0,1000,2,10,50,5,-5,10,1,20,10,1,100,10,0.5,0.5,0.1,global_drift_unused_generators,0.01,0.001,187,0.20492817614472297,0.2009609151196623,0.20011009738805866,0.19746768556869757,0.0020793485841474673,0.935
2024-01-08 05:56:33,225ms,e2346f98b86e421aba3d4486831e61e1,,LOCAL,/home/morris/UM/phd/code/fed_drift_data_generator/run_data_drift_experiments.py,morris,FINISHED,0.05,100,5,./results/global_drift_unused_generators_2024-01-08_05-56-32_results.pkl,10,0.0,1000,2,10,50,5,-5,10,1,20,10,1,100,10,0.5,0.1,0.1,global_drift_unused_generators,0.01,0.001,0,0.2057694766556141,0.20175354898105632,0.20164989820218798,0.19687286629281847,0.0023413525714582406,0
2024-01-08 05:56:07,224ms,0d53b8e46ee04c8fa479db84891f297d,,LOCAL,/home/morris/UM/phd/code/fed_drift_data_generator/run_data_drift_experiments.py,morris,FINISHED,0.05,100,5,./results/global_drift_unused_generators_2024-01-08_05-56-06_results.pkl,10,-0.5,1000,2,10,50,5,-5,10,1,20,10,9,100,5,0.5,1.0,0.9,global_drift_unused_generators,0.01,0.001,122,0.47040627338034213,0.4608024828063889,0.4611910719373682,0.442491482245707,0.007065192570017697,0.61
2024-01-08 05:55:55,223ms,5343491cf3ea40d7b31243992c59e99c,,LOCAL,/home/morris/UM/phd/code/fed_drift_data_generator/run_data_drift_experiments.py,morris,FINISHED,0.05,100,5,./results/global_drift_unused_generators_2024-01-08_05-55-55_results.pkl,10,-0.5,1000,2,10,50,5,-5,10,1,20,10,9,100,5,0.5,0.9,0.9,global_drift_unused_generators,0.01,0.001,108,0.4815995844127863,0.4618739009615063,0.4582659387577006,0.44453194177947075,0.010204708108732108,0.54
